player_jersey,player_name,position,goals,assists,points,penalty_minutes,plus_minus,shots_on_goal,blocks,giveaways,takeaways,faceoffs_won_lost,faceoffs_win_pct,powerplay_goals,shorthanded_goals,shots,shots_blocked,faceoffs_won,faceoffs_lost,skaters_href,player_id,game_id,minutes_played,shots_against,goals_against,saves,save_percent,goalies_href
3,Jonna Curtis,F,0,2,2,0,2,4,2,1,1,0 - 2,0,0,0,4,0,0,2,stats#/player/431666,431666,379254,,,,,,
9,Allie Thunstrom,F,2,0,2,0,2,7,0,3,3,0 - 0,0,0,0,8,1,0,0,stats#/player/431677,431677,379254,,,,,,
15,Meaghan Pezon,F,1,1,2,0,2,1,0,4,1,9 - 12,0.429,1,0,1,0,9,12,stats#/player/455178,455178,379254,,,,,,
5,Winny Brodt Brown,D,0,1,1,0,1,0,0,0,3,0 - 0,0,0,0,1,1,0,0,stats#/player/431663,431663,379254,,,,,,
21,Audra Morrison,F,0,1,1,0,1,3,1,3,4,0 - 0,0,0,0,4,1,0,0,stats#/player/431673,431673,379254,,,,,,
4,Chelsey Brodt Rosenthal,D,0,0,0,0,-2,0,0,1,2,0 - 0,0,0,0,1,1,0,0,stats#/player/431664,431664,379254,,,,,,
8,Amanda Boulier,D,0,0,0,0,1,3,1,1,1,0 - 0,0,0,0,3,0,0,0,stats#/player/431662,431662,379254,,,,,,
11,Lisa Martinson,F,0,0,0,2,-1,0,1,3,1,0 - 0,0,0,0,0,0,0,0,stats#/player/431670,431670,379254,,,,,,
18,Stephanie Anderson,F,0,0,0,0,-2,1,1,1,2,5 - 16,0.238,0,0,2,1,5,16,stats#/player/431659,431659,379254,,,,,,
19,Haley Mack,F,0,0,0,0,-1,5,0,4,3,0 - 0,0,0,0,6,1,0,0,stats#/player/706982,706982,379254,,,,,,
20,Meghan Lorence,F,0,0,0,0,-2,2,1,1,2,0 - 0,0,0,0,2,0,0,0,stats#/player/431669,431669,379254,,,,,,
22,Lynn Astrup,F,0,0,0,0,0,0,0,0,0,0 - 0,0,0,0,0,0,0,0,stats#/player/706983,706983,379254,,,,,,
23,Nina Rodgers,F,0,0,0,0,0,2,0,3,1,0 - 0,0,0,0,3,1,0,0,stats#/player/455188,455188,379254,,,,,,
33,Maddie Rowe,D,0,0,0,0,-1,1,0,2,5,0 - 0,0,0,0,2,1,0,0,stats#/player/707198,707198,379254,,,,,,
88,Sara Bustad,D,0,0,0,0,-1,0,1,1,1,0 - 0,0,0,0,0,0,0,0,stats#/player/456616,456616,379254,,,,,,
91,Haylea Schmid,F,0,0,0,2,0,1,0,1,2,4 - 9,0.308,0,0,2,1,4,9,stats#/player/431675,431675,379254,,,,,,
7,Mary Parker,F,1,1,2,0,2,2,0,3,1,0 - 0,0,0,0,2,0,0,0,stats#/player/1041273,1041273,379254,,,,,,
13,Kaleigh Fratkin,D,0,2,2,0,2,4,2,1,0,0 - 0,0,0,0,6,2,0,0,stats#/player/57735,57735,379254,,,,,,
21,Christina Putigna,F,0,2,2,0,0,2,1,5,3,0 - 0,0,0,0,4,2,0,0,stats#/player/431616,431616,379254,,,,,,
8,Taylor Turnquist,D,0,1,1,0,-1,1,0,1,0,0 - 0,0,0,0,1,0,0,0,stats#/player/949959,949959,379254,,,,,,
14,Jillian Dempsey,F,1,0,1,0,0,1,0,1,5,12 - 4,0.75,0,0,1,0,12,4,stats#/player/58116,58116,379254,,,,,,
16,Lexie Laing,F,1,0,1,0,1,2,0,1,4,9 - 7,0.563,1,0,3,1,9,7,stats#/player/967905,967905,379254,,,,,,
18,Taylor Wenczkowski,F,1,0,1,0,2,4,0,0,1,0 - 0,0,1,0,5,1,0,0,stats#/player/627747,627747,379254,,,,,,
73,Tereza Vanisova,F,0,1,1,15,2,1,0,3,2,15 - 6,0.714,0,0,1,0,15,6,stats#/player/627752,627752,379254,,,,,,
2,Meaghan Rickard,F,0,0,0,0,-1,1,1,0,0,0 - 0,0,0,0,1,0,0,0,stats#/player/710840,710840,379254,,,,,,
4,Lauren Kelly,D,0,0,0,0,0,0,2,3,0,0 - 0,0,0,0,1,1,0,0,stats#/player/431612,431612,379254,,,,,,
9,Tori Sullivan,F,0,0,0,0,0,1,0,6,0,0 - 0,0,0,0,1,0,0,0,stats#/player/431622,431622,379254,,,,,,
12,Jenna Rheault,D,0,0,0,0,-1,0,1,0,2,0 - 0,0,0,0,0,0,0,0,stats#/player/431619,431619,379254,,,,,,
17,McKenna Brand,F,0,0,0,2,-1,2,0,5,1,0 - 0,0,0,0,2,0,0,0,stats#/player/431610,431610,379254,,,,,,
19,Sammy Davis,F,0,0,0,0,0,4,1,0,4,0 - 0,0,0,0,4,0,0,0,stats#/player/627751,627751,379254,,,,,,
20,Paige Capistran,D,0,0,0,0,0,2,1,0,3,0 - 0,0,0,0,2,0,0,0,stats#/player/627748,627748,379254,,,,,,
23,Carlee Turner,F,0,0,0,0,0,0,0,2,1,1 - 1,0.5,0,0,0,0,1,1,stats#/player/627749,627749,379254,,,,,,
28,Briana Mastel,D,0,0,0,0,0,0,0,0,0,0 - 0,0,0,0,0,0,0,0,stats#/player/431614,431614,379254,,,,,,
42,Meghara McManus,F,0,0,0,0,0,1,0,0,1,2 - 0,1,0,0,1,0,2,0,stats#/player/627750,627750,379254,,,,,,
47,Mallory Souliotis,D,0,0,0,0,1,2,0,0,1,0 - 0,0,0,0,3,1,0,0,stats#/player/431621,431621,379254,,,,,,
29,Amanda Leveille,G,0,0,,0,,,,,,,,,,,,,,,967811,379254,57:29,30,4,26,0.867,stats#/player/967811
31,Allie Morse,G,0,0,,0,,,,,,,,,,,,,,,431671,379254,00:00,0,0,0,0,stats#/player/431671
33,Victoria Hanson,G,0,0,,0,,,,,,,,,,,,,,,431611,379254,00:00,0,0,0,0,stats#/player/431611
35,Lovisa Selander,G,0,0,,0,,,,,,,,,,,,,,,431620,379254,60:00,30,3,27,0.9,stats#/player/431620
21,Audra Morrison,F,3,1,4,0,4,3,0,3,0,0 - 0,0,0,0,3,0,0,0,stats#/player/431673,431673,378721,,,,,,
23,Nina Rodgers,F,0,3,3,0,3,2,0,1,0,0 - 0,0,0,0,2,0,0,0,stats#/player/455188,455188,378721,,,,,,
3,Jonna Curtis,F,0,2,2,0,2,0,0,1,0,1 - 0,1,0,0,0,0,1,0,stats#/player/431666,431666,378721,,,,,,
9,Allie Thunstrom,F,2,0,2,0,2,6,0,0,0,0 - 0,0,0,0,6,0,0,0,stats#/player/431677,431677,378721,,,,,,
15,Meaghan Pezon,F,0,2,2,0,2,1,0,2,0,11 - 11,0.5,0,0,1,0,11,11,stats#/player/455178,455178,378721,,,,,,
5,Winny Brodt Brown,D,0,1,1,2,1,1,0,0,0,0 - 0,0,0,0,1,0,0,0,stats#/player/431663,431663,378721,,,,,,
11,Lisa Martinson,F,0,1,1,0,2,1,0,2,0,0 - 0,0,0,0,2,1,0,0,stats#/player/431670,431670,378721,,,,,,
18,Stephanie Anderson,F,0,1,1,0,1,2,0,1,0,9 - 10,0.474,0,0,2,0,9,10,stats#/player/431659,431659,378721,,,,,,
19,Haley Mack,F,1,0,1,0,1,5,0,2,0,1 - 2,0.333,0,0,6,1,1,2,stats#/player/706982,706982,378721,,,,,,
20,Meghan Lorence,F,0,1,1,0,1,2,0,2,0,0 - 0,0,0,0,3,1,0,0,stats#/player/431669,431669,378721,,,,,,
33,Maddie Rowe,D,0,1,1,0,4,1,0,1,0,0 - 0,0,0,0,2,1,0,0,stats#/player/707198,707198,378721,,,,,,
91,Haylea Schmid,F,1,0,1,0,1,5,0,2,0,7 - 9,0.438,0,0,6,1,7,9,stats#/player/431675,431675,378721,,,,,,
4,Chelsey Brodt Rosenthal,D,0,0,0,0,0,0,1,2,0,0 - 0,0,0,0,0,0,0,0,stats#/player/431664,431664,378721,,,,,,
6,Sydney Baldwin,D,0,0,0,0,0,0,0,1,0,0 - 0,0,0,0,0,0,0,0,stats#/player/722192,722192,378721,,,,,,
7,Emma Stauber,D,0,0,0,0,0,0,0,0,0,0 - 0,0,0,0,0,0,0,0,stats#/player/968364,968364,378721,,,,,,
8,Amanda Boulier,D,0,0,0,0,0,0,1,0,0,0 - 0,0,0,0,0,0,0,0,stats#/player/431662,431662,378721,,,,,,
10,Brooke White-Lancette,F,0,0,0,0,0,0,0,0,0,0 - 0,0,0,0,0,0,0,0,stats#/player/431678,431678,378721,,,,,,
14,Rose Alleva,D,0,0,0,0,0,0,0,0,0,0 - 0,0,0,0,0,0,0,0,stats#/player/456613,456613,378721,,,,,,
22,Lynn Astrup,F,0,0,0,0,0,1,0,0,0,1 - 1,0.5,0,0,1,0,1,1,stats#/player/706983,706983,378721,,,,,,
25,Lauren Barnes,F,0,0,0,0,0,0,0,0,0,0 - 0,0,0,0,0,0,0,0,stats#/player/431661,431661,378721,,,,,,
88,Sara Bustad,D,0,0,0,0,0,1,0,0,0,0 - 0,0,0,0,2,1,0,0,stats#/player/456616,456616,378721,,,,,,
4,Taylor Marchin,D,0,0,0,0,0,2,0,1,0,0 - 0,0,0,0,2,0,0,0,stats#/player/431643,431643,378721,,,,,,
5,Tori Howran,D,0,0,0,0,0,2,1,3,0,0 - 0,0,0,0,2,0,0,0,stats#/player/1034126,1034126,378721,,,,,,
6,Shannon Turner,D,0,0,0,0,0,4,2,2,0,0 - 0,0,0,0,4,0,0,0,stats#/player/967608,967608,378721,,,,,,
8,Alyssa Wohlfeiler,F,0,0,0,0,0,5,0,0,0,0 - 0,0,0,0,5,0,0,0,stats#/player/57768,57768,378721,,,,,,
9,Kaycie Anderson,F,0,0,0,0,0,2,0,0,0,0 - 0,0,0,0,3,1,0,0,stats#/player/431637,431637,378721,,,,,,
11,Melissa Samoskevich,F,0,0,0,0,0,5,0,0,0,0 - 0,0,0,0,5,0,0,0,stats#/player/1041703,1041703,378721,,,,,,
12,Maggie LaGue,D,0,0,0,0,0,1,1,0,0,0 - 0,0,0,0,1,0,0,0,stats#/player/707065,707065,378721,,,,,,
13,Nicole Guagliardo,F,0,0,0,0,0,4,0,0,0,2 - 0,1,0,0,4,0,2,0,stats#/player/707066,707066,378721,,,,,,
14,Elena Orlando,D,0,0,0,0,0,0,0,0,0,0 - 0,0,0,0,0,0,0,0,stats#/player/909127,909127,378721,,,,,,
15,Emma Vlasic,F,0,0,0,0,0,1,0,6,0,9 - 11,0.45,0,0,1,0,9,11,stats#/player/431646,431646,378721,,,,,,
16,Hanna Beattie,D,0,0,0,0,0,2,0,1,0,0 - 0,0,0,0,2,0,0,0,stats#/player/455146,455146,378721,,,,,,
20,Maddie Bishop,F,0,0,0,0,0,2,0,2,0,0 - 0,0,0,0,2,0,0,0,stats#/player/707067,707067,378721,,,,,,
21,Sarah Schwenzfeier,F,0,0,0,0,0,0,0,2,0,6 - 7,0.462,0,0,0,0,6,7,stats#/player/455186,455186,378721,,,,,,
23,Kateylnn Russ,F,0,0,0,0,0,8,0,2,0,4 - 1,0.8,0,0,9,1,4,1,stats#/player/856786,856786,378721,,,,,,
29,Kayla Friesen,F,0,0,0,0,0,5,0,2,0,12 - 11,0.522,0,0,5,0,12,11,stats#/player/856779,856779,378721,,,,,,
88,Amanda Conway,F,0,0,0,0,0,1,1,2,0,0 - 0,0,0,0,1,0,0,0,stats#/player/707073,707073,378721,,,,,,
94,Grace Klienbach,F,0,0,0,0,0,0,1,0,0,0 - 0,0,0,0,0,0,0,0,stats#/player/827706,827706,378721,,,,,,
29,Amanda Leveille,G,0,0,,0,,,,,,,,,,,,,,,967811,378721,60:00,44,0,44,1,stats#/player/967811
31,Allie Morse,G,0,0,,0,,,,,,,,,,,,,,,431671,378721,00:00,0,0,0,0,stats#/player/431671
1,Brooke Wolejko,G,0,0,,0,,,,,,,,,,,,,,,456412,378721,00:00,0,0,0,0,stats#/player/456412
35,Abbie Ives,G,0,0,,0,,,,,,,,,,,,,,,707072,378721,60:00,31,7,24,0.774,stats#/player/707072
11,Breanne Wilson-Bennett,F,1,1,2,0,-1,3,0,8,0,11 - 7,0.611,0,0,4,1,11,7,stats#/player/630148,630148,378722,,,,,,
13,Mikyla Grant-Mentis,F,1,1,2,0,0,3,0,3,0,2 - 1,0.667,0,0,5,2,2,1,stats#/player/532475,532475,378722,,,,,,
22,Natalie Marcuzzi,F,0,1,1,0,1,1,1,5,0,0 - 0,0,0,0,1,0,0,0,stats#/player/1020560,1020560,378722,,,,,,
27,Shiann Darkangelo,F,0,1,1,0,-1,3,1,5,0,10 - 14,0.417,0,0,4,1,10,14,stats#/player/542419,542419,378722,,,,,,
2,Taylor Woods,F,0,0,0,0,0,1,2,3,0,0 - 0,0,0,0,1,0,0,0,stats#/player/542421,542421,378722,,,,,,
6,Sarah Steele,D,0,0,0,0,0,0,1,4,0,0 - 0,0,0,0,3,3,0,0,stats#/player/630147,630147,378722,,,,,,
12,Emily Fluke,F,0,0,0,0,0,1,0,1,0,0 - 0,0,0,0,3,2,0,0,stats#/player/455143,455143,378722,,,,,,
19,Brooke Boquist,F,0,0,0,0,0,1,0,1,0,0 - 1,0,0,0,1,0,0,1,stats#/player/543984,543984,378722,,,,,,
20,Kristen Barbara,D,0,0,0,2,0,1,1,1,0,0 - 0,0,0,0,2,1,0,0,stats#/player/542417,542417,378722,,,,,,
21,Amy Curlew,F,0,0,0,0,0,1,0,1,0,1 - 0,1,0,0,1,0,1,0,stats#/player/543987,543987,378722,,,,,,
23,Megan Quinn,D,0,0,0,0,0,3,1,0,0,1 - 0,1,0,0,4,1,1,0,stats#/player/716576,716576,378722,,,,,,
24,Sarah-Eve Coutu Godbout,F,0,0,0,0,0,0,0,4,0,0 - 0,0,0,0,1,1,0,0,stats#/player/543983,543983,378722,,,,,,
25,Emma Greco,D,0,0,0,0,0,0,2,3,0,0 - 0,0,0,0,0,0,0,0,stats#/player/542420,542420,378722,,,,,,
44,Lindsay Eastwood,D,0,0,0,0,0,1,0,7,0,0 - 0,0,0,0,4,3,0,0,stats#/player/630139,630139,378722,,,,,,
67,Emma Woods,F,0,0,0,0,0,4,2,2,0,0 - 0,0,0,0,4,0,0,0,stats#/player/630149,630149,378722,,,,,,
93,Julie Allen,F,0,0,0,0,0,2,0,1,0,5 - 4,0.556,0,0,2,0,5,4,stats#/player/716575,716575,378722,,,,,,
7,Mary Parker,F,1,1,2,0,1,1,1,3,0,0 - 0,0,0,0,1,0,0,0,stats#/player/1041273,1041273,378722,,,,,,
14,Jillian Dempsey,F,1,1,2,0,2,3,1,4,0,12 - 12,0.5,0,0,3,0,12,12,stats#/player/58116,58116,378722,,,,,,
17,McKenna Brand,F,1,1,2,0,2,2,0,6,0,0 - 0,0,0,0,2,0,0,0,stats#/player/431610,431610,378722,,,,,,
21,Christina Putigna,F,0,2,2,0,2,1,1,2,0,0 - 0,0,0,0,1,0,0,0,stats#/player/431616,431616,378722,,,,,,
73,Tereza Vanisova,F,1,1,2,0,1,2,0,3,0,5 - 4,0.556,0,0,3,1,5,4,stats#/player/627752,627752,378722,,,,,,
4,Lauren Kelly,D,0,1,1,0,2,0,3,3,0,0 - 0,0,0,0,1,1,0,0,stats#/player/431612,431612,378722,,,,,,
12,Jenna Rheault,D,0,1,1,2,1,2,0,1,0,0 - 0,0,0,0,2,0,0,0,stats#/player/431619,431619,378722,,,,,,
16,Lexie Laing,F,0,1,1,0,1,0,0,2,0,6 - 6,0.5,0,0,2,2,6,6,stats#/player/967905,967905,378722,,,,,,
18,Taylor Wenczkowski,F,0,1,1,0,1,3,1,2,0,0 - 1,0,0,0,4,1,0,1,stats#/player/627747,627747,378722,,,,,,
19,Sammy Davis,F,1,0,1,0,1,3,1,4,0,1 - 0,1,0,0,3,0,1,0,stats#/player/627751,627751,378722,,,,,,
47,Mallory Souliotis,D,1,0,1,0,2,2,2,4,0,0 - 0,0,0,0,2,0,0,0,stats#/player/431621,431621,378722,,,,,,
2,Meaghan Rickard,F,0,0,0,0,0,2,1,2,0,0 - 0,0,0,0,3,1,0,0,stats#/player/710840,710840,378722,,,,,,
8,Taylor Turnquist,D,0,0,0,0,0,0,1,4,0,0 - 0,0,0,0,2,2,0,0,stats#/player/949959,949959,378722,,,,,,
9,Tori Sullivan,F,0,0,0,0,0,0,0,1,0,0 - 0,0,0,0,0,0,0,0,stats#/player/431622,431622,378722,,,,,,
13,Kaleigh Fratkin,D,0,0,0,0,0,0,2,5,0,0 - 0,0,0,0,0,0,0,0,stats#/player/57735,57735,378722,,,,,,
20,Paige Capistran,D,0,0,0,0,0,2,0,0,0,0 - 0,0,0,0,4,2,0,0,stats#/player/627748,627748,378722,,,,,,
23,Carlee Turner,F,0,0,0,0,0,1,0,2,0,3 - 6,0.333,0,0,2,1,3,6,stats#/player/627749,627749,378722,,,,,,
28,Briana Mastel,D,0,0,0,0,0,0,1,0,0,0 - 0,0,0,0,0,0,0,0,stats#/player/431614,431614,378722,,,,,,
42,Meghara McManus,F,0,0,0,0,0,1,0,4,0,0 - 1,0,0,0,1,0,0,1,stats#/player/627750,627750,378722,,,,,,
29,Elaine Chuli,G,0,0,,0,,,,,,,,,,,,,,,542418,378722,44:02,21,5,16,0.762,stats#/player/542418
34,Samantha Ridgewell,G,0,0,,0,,,,,,,,,,,,,,,543985,378722,15:58,4,1,3,0.75,stats#/player/543985
33,Victoria Hanson,G,0,0,,0,,,,,,,,,,,,,,,431611,378722,00:00,0,0,0,0,stats#/player/431611
35,Lovisa Selander,G,0,0,,0,,,,,,,,,,,,,,,431620,378722,60:00,25,2,23,0.92,stats#/player/431620
42,Meghara McManus,F,1,2,3,0,3,7,0,0,1,0 - 0,0,0,0,7,0,0,0,stats#/player/627750,627750,371880,,,,,,
13,Kaleigh Fratkin,D,0,2,2,0,6,2,0,0,0,0 - 0,0,0,0,3,1,0,0,stats#/player/57735,57735,371880,,,,,,
14,Jillian Dempsey,F,1,1,2,0,1,1,0,0,1,15 - 2,0.882,1,0,1,0,15,2,stats#/player/58116,58116,371880,,,,,,
16,Lexie Laing,F,1,1,2,0,4,2,3,0,2,11 - 5,0.688,0,1,3,1,11,5,stats#/player/967905,967905,371880,,,,,,
17,McKenna Brand,F,0,2,2,2,2,3,0,0,0,0 - 2,0,0,0,5,2,0,2,stats#/player/431610,431610,371880,,,,,,
19,Sammy Davis,F,2,0,2,2,2,5,0,0,1,0 - 0,0,0,0,6,1,0,0,stats#/player/627751,627751,371880,,,,,,
2,Meaghan Rickard,F,1,0,1,0,2,3,0,0,1,0 - 0,0,0,0,3,0,0,0,stats#/player/710840,710840,371880,,,,,,
9,Tori Sullivan,F,0,1,1,0,1,1,0,0,0,1 - 0,1,0,0,1,0,1,0,stats#/player/431622,431622,371880,,,,,,
20,Paige Capistran,D,0,1,1,0,0,1,3,0,0,0 - 0,0,0,0,1,0,0,0,stats#/player/627748,627748,371880,,,,,,
21,Christina Putigna,F,0,1,1,0,1,1,0,0,0,0 - 0,0,0,0,1,0,0,0,stats#/player/431616,431616,371880,,,,,,
47,Mallory Souliotis,D,1,0,1,0,3,1,0,0,0,0 - 0,0,1,0,2,1,0,0,stats#/player/431621,431621,371880,,,,,,
73,Tereza Vanisova,F,0,1,1,2,2,2,0,0,0,9 - 2,0.818,0,0,4,2,9,2,stats#/player/627752,627752,371880,,,,,,
4,Lauren Kelly,D,0,0,0,0,0,2,1,0,2,0 - 0,0,0,0,4,2,0,0,stats#/player/431612,431612,371880,,,,,,
8,Taylor Turnquist,D,0,0,0,0,1,1,2,0,0,0 - 0,0,0,0,5,4,0,0,stats#/player/949959,949959,371880,,,,,,
12,Jenna Rheault,D,0,0,0,0,0,0,0,0,0,0 - 0,0,0,0,0,0,0,0,stats#/player/431619,431619,371880,,,,,,
18,Taylor Wenczkowski,F,0,0,0,2,0,6,0,0,0,0 - 0,0,0,0,8,2,0,0,stats#/player/627747,627747,371880,,,,,,
23,Carlee Turner,F,0,0,0,0,0,0,0,1,0,8 - 0,1,0,0,0,0,8,0,stats#/player/627749,627749,371880,,,,,,
28,Briana Mastel,D,0,0,0,0,2,0,1,0,0,0 - 0,0,0,0,2,2,0,0,stats#/player/431614,431614,371880,,,,,,
23,Alyson Matteau,D,0,1,1,0,-2,2,2,0,0,0 - 0,0,0,0,3,1,0,0,stats#/player/632927,632927,371880,,,,,,
25,Kristin Lewicki,F,1,0,1,0,0,3,0,0,0,0 - 0,0,0,0,4,1,0,0,stats#/player/632934,632934,371880,,,,,,
3,Megan Delay,D,0,0,0,4,-1,0,2,1,0,0 - 0,0,0,0,0,0,0,0,stats#/player/431627,431627,371880,,,,,,
4,Marie-Jo Pelletier,D,0,0,0,0,-3,0,0,2,0,0 - 0,0,0,0,0,0,0,0,stats#/player/431633,431633,371880,,,,,,
5,Lenka Curmova,D,0,0,0,2,-2,0,0,0,0,0 - 0,0,0,0,0,0,0,0,stats#/player/980280,980280,371880,,,,,,
8,Iveta Klimasova,F,0,0,0,0,-1,0,0,0,0,0 - 1,0,0,0,0,0,0,1,stats#/player/431629,431629,371880,,,,,,
9,Autumn MacDougall,F,0,0,0,0,-1,5,0,0,0,0 - 0,0,0,0,8,3,0,0,stats#/player/632861,632861,371880,,,,,,
10,Neve Van Pelt,F,0,0,0,0,-2,1,1,0,0,0 - 0,0,0,0,2,1,0,0,stats#/player/455031,455031,371880,,,,,,
11,Lisa Chesson,D,0,0,0,2,-1,0,2,1,1,0 - 0,0,0,0,2,2,0,0,stats#/player/632868,632868,371880,,,,,,
12,Brooke Stacey,F,0,0,0,0,-1,1,0,0,0,0 - 0,0,0,0,1,0,0,0,stats#/player/431636,431636,371880,,,,,,
13,Dominique Kremer,D,0,0,0,0,-3,0,4,0,0,0 - 0,0,0,0,0,0,0,0,stats#/player/632881,632881,371880,,,,,,
16,Brittany Colton,F/D,0,0,0,0,0,0,2,0,0,0 - 5,0,0,0,0,0,0,5,stats#/player/720742,720742,371880,,,,,,
17,Cassidy MacPherson,F,0,0,0,0,-2,3,1,0,0,2 - 14,0.125,0,0,3,0,2,14,stats#/player/431630,431630,371880,,,,,,
19,Taylor Wasylk,F,0,0,0,2,-3,1,0,1,0,0 - 1,0,0,0,1,0,0,1,stats#/player/455201,455201,371880,,,,,,
27,Jordan Juron,F,0,0,0,0,-3,3,1,1,0,7 - 15,0.318,0,0,3,0,7,15,stats#/player/455131,455131,371880,,,,,,
77,Whitney Dove,D,0,0,0,2,0,2,3,2,0,0 - 0,0,0,0,2,0,0,0,stats#/player/632942,632942,371880,,,,,,
81,Erin Gehen,F,0,0,0,0,-3,4,0,0,0,0 - 0,0,0,0,6,2,0,0,stats#/player/466337,466337,371880,,,,,,
98,Hunter Accursi,F,0,0,0,2,-1,1,0,0,0,2 - 8,0.2,0,0,1,0,2,8,stats#/player/632854,632854,371880,,,,,,
33,Victoria Hanson,G,0,0,,0,,,,,,,,,,,,,,,431611,371880,11:53,4,0,4,1,stats#/player/431611
35,Lovisa Selander,G,0,0,,0,,,,,,,,,,,,,,,431620,371880,48:07,22,1,21,0.955,stats#/player/431620
1,Caty Flagg,G,0,0,,0,,,,,,,,,,,,,,,632709,371880,00:00,0,0,0,0,stats#/player/632709
70,Carly Jackson,G,0,0,,0,,,,,,,,,,,,,,,1034319,371880,60:00,38,7,31,0.816,stats#/player/1034319
4,Taylor Marchin,D,0,0,0,0,-1,1,1,0,0,0 - 0,0,0,0,1,0,0,0,stats#/player/431643,431643,371878,,,,,,
6,Shannon Turner,D,0,0,0,0,-3,1,5,0,1,0 - 0,0,0,0,1,0,0,0,stats#/player/967608,967608,371878,,,,,,
7,Rachael Ade,F,0,0,0,0,-1,3,0,0,0,0 - 1,0,0,0,4,1,0,1,stats#/player/728501,728501,371878,,,,,,
8,Alyssa Wohlfeiler,F,0,0,0,4,-2,3,0,1,0,0 - 0,0,0,0,3,0,0,0,stats#/player/57768,57768,371878,,,,,,
9,Kaycie Anderson,F,0,0,0,2,-2,0,0,0,0,0 - 0,0,0,0,0,0,0,0,stats#/player/431637,431637,371878,,,,,,
10,Laurel Hill,D,0,0,0,2,-1,1,0,0,0,0 - 0,0,0,0,2,1,0,0,stats#/player/515537,515537,371878,,,,,,
12,Maggie LaGue,D,0,0,0,0,-2,2,4,0,0,0 - 0,0,0,0,3,1,0,0,stats#/player/707065,707065,371878,,,,,,
14,Elena Orlando,D,0,0,0,0,-2,0,0,0,0,0 - 1,0,0,0,0,0,0,1,stats#/player/909127,909127,371878,,,,,,
15,Emma Vlasic,F,0,0,0,0,-3,3,0,0,1,13 - 7,0.65,0,0,3,0,13,7,stats#/player/431646,431646,371878,,,,,,
16,Hanna Beattie,D,0,0,0,0,-4,0,2,1,1,0 - 0,0,0,0,0,0,0,0,stats#/player/455146,455146,371878,,,,,,
20,Maddie Bishop,F,0,0,0,0,-1,0,0,0,1,0 - 0,0,0,0,0,0,0,0,stats#/player/707067,707067,371878,,,,,,
21,Sarah Schwenzfeier,F,0,0,0,0,-2,1,0,0,0,6 - 6,0.5,0,0,1,0,6,6,stats#/player/455186,455186,371878,,,,,,
23,Kateylnn Russ,F,0,0,0,0,-2,5,0,1,1,2 - 1,0.667,0,0,5,0,2,1,stats#/player/856786,856786,371878,,,,,,
24,Janine Weber,F,0,0,0,0,0,2,1,0,0,6 - 3,0.667,0,0,2,0,6,3,stats#/player/513300,513300,371878,,,,,,
25,Maeve Reily,F,0,0,0,0,0,0,1,0,0,0 - 0,0,0,0,0,0,0,0,stats#/player/728500,728500,371878,,,,,,
27,Sarah Hughson,F,0,0,0,0,-1,1,0,0,0,4 - 5,0.444,0,0,1,0,4,5,stats#/player/728503,728503,371878,,,,,,
88,Amanda Conway,F,0,0,0,0,0,2,0,0,0,0 - 0,0,0,0,2,0,0,0,stats#/player/707073,707073,371878,,,,,,
94,Grace Klienbach,F,0,0,0,2,-2,0,0,0,0,0 - 0,0,0,0,0,0,0,0,stats#/player/827706,827706,371878,,,,,,
13,Mikyla Grant-Mentis,F,1,2,3,2,3,3,1,0,0,0 - 1,0,0,0,3,0,0,1,stats#/player/532475,532475,371878,,,,,,
2,Taylor Woods,F,1,1,2,0,5,2,0,1,0,0 - 0,0,1,0,4,2,0,0,stats#/player/542421,542421,371878,,,,,,
9,Mackenzie MacNeil,F,2,0,2,0,2,5,0,2,1,0 - 0,0,0,0,7,2,0,0,stats#/player/630146,630146,371878,,,,,,
11,Breanne Wilson-Bennett,F,0,2,2,0,2,2,0,1,0,8 - 12,0.4,0,0,2,0,8,12,stats#/player/630148,630148,371878,,,,,,
17,Taytum Clairmont,F,1,1,2,0,3,3,0,0,0,3 - 0,1,0,0,4,1,3,0,stats#/player/716577,716577,371878,,,,,,
21,Amy Curlew,F,0,1,1,0,1,0,1,0,0,0 - 0,0,0,0,0,0,0,0,stats#/player/543987,543987,371878,,,,,,
24,Sarah-Eve Coutu Godbout,F,1,0,1,2,1,7,0,0,0,0 - 0,0,0,0,9,2,0,0,stats#/player/543983,543983,371878,,,,,,
25,Emma Greco,D,0,1,1,0,3,0,1,0,0,0 - 0,0,0,0,1,1,0,0,stats#/player/542420,542420,371878,,,,,,
27,Shiann Darkangelo,F,0,1,1,0,3,4,0,0,0,7 - 9,0.438,0,0,6,2,7,9,stats#/player/542419,542419,371878,,,,,,
44,Lindsay Eastwood,D,0,1,1,0,2,2,0,1,0,0 - 0,0,0,0,4,2,0,0,stats#/player/630139,630139,371878,,,,,,
6,Sarah Steele,D,0,0,0,0,2,0,0,0,2,0 - 0,0,0,0,0,0,0,0,stats#/player/630147,630147,371878,,,,,,
12,Emily Fluke,F,0,0,0,0,0,0,0,0,0,0 - 0,0,0,0,0,0,0,0,stats#/player/455143,455143,371878,,,,,,
22,Natalie Marcuzzi,F,0,0,0,0,2,5,0,0,0,1 - 3,0.25,0,0,6,1,1,3,stats#/player/1020560,1020560,371878,,,,,,
23,Megan Quinn,D,0,0,0,0,0,2,0,0,0,0 - 0,0,0,0,3,1,0,0,stats#/player/716576,716576,371878,,,,,,
93,Julie Allen,F,0,0,0,0,1,2,0,0,0,5 - 6,0.455,0,0,2,0,5,6,stats#/player/716575,716575,371878,,,,,,
35,Abbie Ives,G,0,0,,0,,,,,,,,,,,,,,,707072,371878,43:49,30,4,26,0.867,stats#/player/707072
37,Mariah Fujimagari,G,0,0,,0,,,,,,,,,,,,,,,728502,371878,16:11,7,2,5,0.714,stats#/player/728502
29,Elaine Chuli,G,0,0,,0,,,,,,,,,,,,,,,542418,371878,60:00,25,0,25,1,stats#/player/542418
34,Samantha Ridgewell,G,0,0,,0,,,,,,,,,,,,,,,543985,371878,00:00,0,0,0,0,stats#/player/543985
13,Kaleigh Fratkin,D,0,3,3,0,4,1,3,0,1,0 - 0,0,0,0,3,2,0,0,stats#/player/57735,57735,371881,,,,,,
14,Jillian Dempsey,F,0,2,2,0,4,2,0,0,0,9 - 6,0.6,0,0,2,0,9,6,stats#/player/58116,58116,371881,,,,,,
19,Sammy Davis,F,1,1,2,0,1,3,0,1,1,0 - 0,0,0,0,3,0,0,0,stats#/player/627751,627751,371881,,,,,,
21,Christina Putigna,F,0,2,2,0,2,3,0,0,0,0 - 0,0,0,0,3,0,0,0,stats#/player/431616,431616,371881,,,,,,
42,Meghara McManus,F,1,1,2,0,2,3,0,0,0,0 - 1,0,0,0,3,0,0,1,stats#/player/627750,627750,371881,,,,,,
47,Mallory Souliotis,D,2,0,2,0,2,8,0,0,0,0 - 0,0,0,0,9,1,0,0,stats#/player/431621,431621,371881,,,,,,
4,Lauren Kelly,D,1,0,1,0,1,2,0,1,1,0 - 0,0,1,0,5,3,0,0,stats#/player/431612,431612,371881,,,,,,
8,Taylor Turnquist,D,0,1,1,0,2,0,1,1,0,0 - 0,0,0,0,1,1,0,0,stats#/player/949959,949959,371881,,,,,,
9,Tori Sullivan,F,0,1,1,0,1,0,0,0,0,0 - 0,0,0,0,1,1,0,0,stats#/player/431622,431622,371881,,,,,,
17,McKenna Brand,F,1,0,1,0,4,2,0,0,0,0 - 0,0,0,0,4,2,0,0,stats#/player/431610,431610,371881,,,,,,
2,Meaghan Rickard,F,0,0,0,0,1,2,0,0,0,0 - 0,0,0,0,2,0,0,0,stats#/player/710840,710840,371881,,,,,,
16,Lexie Laing,F,0,0,0,2,1,1,1,0,0,11 - 7,0.611,0,0,2,1,11,7,stats#/player/967905,967905,371881,,,,,,
18,Taylor Wenczkowski,F,0,0,0,0,0,1,1,0,0,0 - 0,0,0,0,2,1,0,0,stats#/player/627747,627747,371881,,,,,,
20,Paige Capistran,D,0,0,0,0,1,3,1,0,0,0 - 0,0,0,0,4,1,0,0,stats#/player/627748,627748,371881,,,,,,
23,Carlee Turner,F,0,0,0,0,2,3,0,0,0,3 - 4,0.429,0,0,3,0,3,4,stats#/player/627749,627749,371881,,,,,,
28,Briana Mastel,D,0,0,0,2,1,1,1,0,0,0 - 0,0,0,0,3,2,0,0,stats#/player/431614,431614,371881,,,,,,
73,Tereza Vanisova,F,0,0,0,0,1,1,0,0,1,7 - 4,0.636,0,0,1,0,7,4,stats#/player/627752,627752,371881,,,,,,
3,Megan Delay,D,0,0,0,0,-1,0,0,0,0,0 - 0,0,0,0,0,0,0,0,stats#/player/431627,431627,371881,,,,,,
4,Marie-Jo Pelletier,D,0,0,0,0,-2,0,1,0,0,0 - 0,0,0,0,0,0,0,0,stats#/player/431633,431633,371881,,,,,,
5,Lenka Curmova,D,0,0,0,2,-3,1,1,0,0,0 - 0,0,0,0,2,1,0,0,stats#/player/980280,980280,371881,,,,,,
8,Iveta Klimasova,F,0,0,0,0,-2,4,0,1,0,0 - 0,0,0,0,5,1,0,0,stats#/player/431629,431629,371881,,,,,,
9,Autumn MacDougall,F,0,0,0,0,0,1,0,1,0,0 - 0,0,0,0,2,1,0,0,stats#/player/632861,632861,371881,,,,,,
11,Lisa Chesson,D,0,0,0,0,-2,0,3,0,0,0 - 0,0,0,0,1,1,0,0,stats#/player/632868,632868,371881,,,,,,
12,Brooke Stacey,F,0,0,0,0,-2,1,0,1,0,0 - 1,0,0,0,1,0,0,1,stats#/player/431636,431636,371881,,,,,,
13,Dominique Kremer,D,0,0,0,0,-2,1,1,0,1,0 - 0,0,0,0,1,0,0,0,stats#/player/632881,632881,371881,,,,,,
16,Brittany Colton,F/D,0,0,0,0,-2,0,0,0,0,0 - 2,0,0,0,0,0,0,2,stats#/player/720742,720742,371881,,,,,,
17,Cassidy MacPherson,F,0,0,0,0,-2,7,1,0,0,12 - 4,0.75,0,0,7,0,12,4,stats#/player/431630,431630,371881,,,,,,
19,Taylor Wasylk,F,0,0,0,4,-3,2,1,0,0,4 - 12,0.25,0,0,2,0,4,12,stats#/player/455201,455201,371881,,,,,,
23,Alyson Matteau,D,0,0,0,0,-2,4,2,1,1,0 - 0,0,0,0,6,2,0,0,stats#/player/632927,632927,371881,,,,,,
25,Kristin Lewicki,F,0,0,0,0,0,2,0,0,0,0 - 0,0,0,0,2,0,0,0,stats#/player/632934,632934,371881,,,,,,
27,Jordan Juron,F,0,0,0,0,-1,3,3,0,1,5 - 11,0.313,0,0,4,1,5,11,stats#/player/455131,455131,371881,,,,,,
77,Whitney Dove,D,0,0,0,0,-2,1,1,0,0,0 - 0,0,0,0,2,1,0,0,stats#/player/632942,632942,371881,,,,,,
81,Erin Gehen,F,0,0,0,0,-2,3,1,0,0,0 - 0,0,0,0,3,0,0,0,stats#/player/466337,466337,371881,,,,,,
98,Hunter Accursi,F,0,0,0,0,-2,1,0,0,0,1 - 0,1,0,0,1,0,1,0,stats#/player/632854,632854,371881,,,,,,
33,Victoria Hanson,G,0,0,,0,,,,,,,,,,,,,,,431611,371881,00:00,0,0,0,0,stats#/player/431611
35,Lovisa Selander,G,0,0,,0,,,,,,,,,,,,,,,431620,371881,60:00,31,0,31,1,stats#/player/431620
1,Caty Flagg,G,0,0,,0,,,,,,,,,,,,,,,632709,371881,17:23,11,2,9,0.818,stats#/player/632709
70,Carly Jackson,G,0,0,,0,,,,,,,,,,,,,,,1034319,371881,42:37,25,4,21,0.84,stats#/player/1034319
13,Mikyla Grant-Mentis,F,2,1,3,0,3,7,0,0,1,0 - 1,0,1,0,8,1,0,1,stats#/player/532475,532475,368729,,,,,,
2,Taylor Woods,F,1,0,1,4,1,3,2,0,0,0 - 0,0,0,0,8,5,0,0,stats#/player/542421,542421,368729,,,,,,
12,Emily Fluke,F,0,1,1,4,0,1,0,0,0,0 - 0,0,0,0,2,1,0,0,stats#/player/455143,455143,368729,,,,,,
17,Taytum Clairmont,F,0,1,1,0,1,2,0,0,2,2 - 0,1,0,0,3,1,2,0,stats#/player/716577,716577,368729,,,,,,
21,Amy Curlew,F,0,1,1,2,1,1,0,0,0,0 - 0,0,0,0,1,0,0,0,stats#/player/543987,543987,368729,,,,,,
24,Sarah-Eve Coutu Godbout,F,1,0,1,0,1,5,0,0,0,1 - 0,1,0,0,7,2,1,0,stats#/player/543983,543983,368729,,,,,,
44,Lindsay Eastwood,D,0,1,1,0,3,2,0,0,0,0 - 0,0,0,0,2,0,0,0,stats#/player/630139,630139,368729,,,,,,
6,Sarah Steele,D,0,0,0,0,1,0,2,1,1,0 - 0,0,0,0,1,1,0,0,stats#/player/630147,630147,368729,,,,,,
9,Mackenzie MacNeil,F,0,0,0,0,-1,5,0,0,1,0 - 0,0,0,0,5,0,0,0,stats#/player/630146,630146,368729,,,,,,
11,Breanne Wilson-Bennett,F,0,0,0,0,-3,7,1,1,0,11 - 6,0.647,0,0,8,1,11,6,stats#/player/630148,630148,368729,,,,,,
22,Natalie Marcuzzi,F,0,0,0,0,-2,4,0,0,1,1 - 0,1,0,0,5,1,1,0,stats#/player/1020560,1020560,368729,,,,,,
23,Megan Quinn,D,0,0,0,0,-1,2,1,0,0,0 - 0,0,0,0,2,0,0,0,stats#/player/716576,716576,368729,,,,,,
25,Emma Greco,D,0,0,0,0,-1,2,2,0,0,0 - 1,0,0,0,3,1,0,1,stats#/player/542420,542420,368729,,,,,,
27,Shiann Darkangelo,F,0,0,0,15,2,3,1,0,1,20 - 8,0.714,0,0,3,0,20,8,stats#/player/542419,542419,368729,,,,,,
93,Julie Allen,F,0,0,0,0,1,1,0,0,0,1 - 6,0.143,0,0,1,0,1,6,stats#/player/716575,716575,368729,,,,,,
23,Nina Rodgers,F,2,1,3,2,2,3,2,0,0,1 - 0,1,2,0,3,0,1,0,stats#/player/455188,455188,368729,,,,,,
20,Meghan Lorence,F,0,2,2,0,0,3,4,0,1,0 - 0,0,0,0,3,0,0,0,stats#/player/431669,431669,368729,,,,,,
10,Brooke White-Lancette,F,1,0,1,0,1,1,0,0,0,0 - 0,0,0,0,1,0,0,0,stats#/player/431678,431678,368729,,,,,,
18,Stephanie Anderson,F,0,1,1,0,0,3,0,0,0,14 - 15,0.483,0,0,4,1,14,15,stats#/player/431659,431659,368729,,,,,,
19,Haley Mack,F,0,1,1,0,1,2,0,0,0,0 - 0,0,0,0,2,0,0,0,stats#/player/706982,706982,368729,,,,,,
21,Audra Morrison,F,0,1,1,2,0,1,0,1,0,0 - 0,0,0,0,2,1,0,0,stats#/player/431673,431673,368729,,,,,,
3,Jonna Curtis,F,0,0,0,0,-1,3,0,0,1,7 - 14,0.333,0,0,4,1,7,14,stats#/player/431666,431666,368729,,,,,,
4,Chelsey Brodt Rosenthal,D,0,0,0,0,-1,1,1,0,0,0 - 0,0,0,0,1,0,0,0,stats#/player/431664,431664,368729,,,,,,
5,Winny Brodt Brown,D,0,0,0,2,-1,0,0,2,0,0 - 0,0,0,0,0,0,0,0,stats#/player/431663,431663,368729,,,,,,
6,Sydney Baldwin,D,0,0,0,0,0,4,1,1,0,0 - 0,0,0,0,5,1,0,0,stats#/player/722192,722192,368729,,,,,,
7,Emma Stauber,D,0,0,0,0,-1,2,0,0,0,0 - 0,0,0,0,5,3,0,0,stats#/player/968364,968364,368729,,,,,,
9,Allie Thunstrom,F,0,0,0,0,0,6,0,0,0,0 - 3,0,0,0,7,1,0,3,stats#/player/431677,431677,368729,,,,,,
14,Rose Alleva,D,0,0,0,0,-1,0,0,0,0,0 - 0,0,0,0,0,0,0,0,stats#/player/456613,456613,368729,,,,,,
15,Meaghan Pezon,F,0,0,0,0,-1,1,0,0,0,0 - 0,0,0,0,1,0,0,0,stats#/player/455178,455178,368729,,,,,,
22,Lynn Astrup,F,0,0,0,0,0,0,0,1,0,0 - 4,0,0,0,0,0,0,4,stats#/player/706983,706983,368729,,,,,,
33,Maddie Rowe,D,0,0,0,0,-1,0,5,2,0,0 - 0,0,0,0,0,0,0,0,stats#/player/707198,707198,368729,,,,,,
88,Sara Bustad,D,0,0,0,0,-1,1,1,0,0,0 - 0,0,0,0,2,1,0,0,stats#/player/456616,456616,368729,,,,,,
29,Elaine Chuli,G,0,0,,0,,,,,,,,,,,,,,,542418,368729,60:00,31,3,28,0.903,stats#/player/542418
34,Samantha Ridgewell,G,0,0,,0,,,,,,,,,,,,,,,543985,368729,00:00,0,0,0,0,stats#/player/543985
29,Amanda Leveille,G,0,0,,0,,,,,,,,,,,,,,,967811,368729,59:44,45,4,41,0.911,stats#/player/967811
31,Allie Morse,G,0,0,,0,,,,,,,,,,,,,,,431671,368729,00:00,0,0,0,0,stats#/player/431671
27,Jordan Juron,F,0,2,2,0,2,3,1,0,0,11 - 10,0.524,0,0,3,0,11,10,stats#/player/455131,455131,368730,,,,,,
4,Marie-Jo Pelletier,D,0,1,1,0,2,1,3,1,0,0 - 0,0,0,0,1,0,0,0,stats#/player/431633,431633,368730,,,,,,
9,Autumn MacDougall,F,1,0,1,0,1,1,0,0,0,0 - 0,0,0,0,1,0,0,0,stats#/player/632861,632861,368730,,,,,,
11,Lisa Chesson,D,1,0,1,2,1,2,2,1,0,0 - 0,0,1,0,2,0,0,0,stats#/player/632868,632868,368730,,,,,,
12,Brooke Stacey,F,0,1,1,0,1,2,1,0,0,1 - 0,1,0,0,3,1,1,0,stats#/player/431636,431636,368730,,,,,,
3,Megan Delay,D,0,0,0,0,0,0,0,0,1,0 - 0,0,0,0,0,0,0,0,stats#/player/431627,431627,368730,,,,,,
5,Lenka Curmova,D,0,0,0,2,0,0,0,0,0,0 - 0,0,0,0,0,0,0,0,stats#/player/980280,980280,368730,,,,,,
8,Iveta Klimasova,F,0,0,0,4,0,2,0,0,0,0 - 1,0,0,0,2,0,0,1,stats#/player/431629,431629,368730,,,,,,
10,Neve Van Pelt,F,0,0,0,0,0,0,0,0,0,2 - 2,0.5,0,0,1,1,2,2,stats#/player/455031,455031,368730,,,,,,
13,Dominique Kremer,D,0,0,0,0,0,0,4,0,1,0 - 0,0,0,0,0,0,0,0,stats#/player/632881,632881,368730,,,,,,
16,Brittany Colton,F/D,0,0,0,0,0,0,0,0,0,0 - 2,0,0,0,0,0,0,2,stats#/player/720742,720742,368730,,,,,,
17,Cassidy MacPherson,F,0,0,0,0,0,1,0,0,0,2 - 8,0.2,0,0,1,0,2,8,stats#/player/431630,431630,368730,,,,,,
19,Taylor Wasylk,F,0,0,0,2,0,4,1,1,0,0 - 0,0,0,0,4,0,0,0,stats#/player/455201,455201,368730,,,,,,
23,Alyson Matteau,D,0,0,0,0,-1,1,4,0,0,0 - 0,0,0,0,1,0,0,0,stats#/player/632927,632927,368730,,,,,,
25,Kristin Lewicki,F,0,0,0,0,1,5,1,0,0,1 - 0,1,0,0,5,0,1,0,stats#/player/632934,632934,368730,,,,,,
77,Whitney Dove,D,0,0,0,2,1,0,2,0,0,0 - 0,0,0,0,2,2,0,0,stats#/player/632942,632942,368730,,,,,,
81,Erin Gehen,F,0,0,0,0,0,1,0,0,1,0 - 0,0,0,0,1,0,0,0,stats#/player/466337,466337,368730,,,,,,
98,Hunter Accursi,F,0,0,0,0,0,0,0,0,0,0 - 3,0,0,0,0,0,0,3,stats#/player/632854,632854,368730,,,,,,
4,Lauren Kelly,D,1,0,1,2,1,2,1,0,0,0 - 0,0,1,0,6,4,0,0,stats#/player/431612,431612,368730,,,,,,
8,Taylor Turnquist,D,0,1,1,0,0,5,0,0,1,0 - 0,0,0,0,7,2,0,0,stats#/player/949959,949959,368730,,,,,,
23,Carlee Turner,F,0,1,1,2,0,1,0,0,0,4 - 1,0.8,0,0,2,1,4,1,stats#/player/627749,627749,368730,,,,,,
2,Meaghan Rickard,F,0,0,0,0,-1,0,0,0,0,0 - 0,0,0,0,0,0,0,0,stats#/player/710840,710840,368730,,,,,,
9,Tori Sullivan,F,0,0,0,0,0,0,0,0,0,0 - 0,0,0,0,0,0,0,0,stats#/player/431622,431622,368730,,,,,,
13,Kaleigh Fratkin,D,0,0,0,0,0,0,1,0,0,0 - 0,0,0,0,0,0,0,0,stats#/player/57735,57735,368730,,,,,,
14,Jillian Dempsey,F,0,0,0,0,0,1,0,0,0,9 - 5,0.643,0,0,3,2,9,5,stats#/player/58116,58116,368730,,,,,,
16,Lexie Laing,F,0,0,0,0,0,2,0,0,0,5 - 7,0.417,0,0,3,1,5,7,stats#/player/967905,967905,368730,,,,,,
17,McKenna Brand,F,0,0,0,2,0,6,0,0,2,0 - 1,0,0,0,8,2,0,1,stats#/player/431610,431610,368730,,,,,,
18,Taylor Wenczkowski,F,0,0,0,0,1,2,0,0,0,0 - 0,0,0,0,2,0,0,0,stats#/player/627747,627747,368730,,,,,,
19,Sammy Davis,F,0,0,0,0,0,2,0,1,0,0 - 0,0,0,0,2,0,0,0,stats#/player/627751,627751,368730,,,,,,
20,Paige Capistran,D,0,0,0,0,0,0,0,0,0,0 - 0,0,0,0,0,0,0,0,stats#/player/627748,627748,368730,,,,,,
21,Christina Putigna,F,0,0,0,2,0,6,0,0,0,0 - 0,0,0,0,10,4,0,0,stats#/player/431616,431616,368730,,,,,,
28,Briana Mastel,D,0,0,0,0,-1,0,1,0,0,0 - 0,0,0,0,2,2,0,0,stats#/player/431614,431614,368730,,,,,,
42,Meghara McManus,F,0,0,0,0,-1,2,0,0,0,0 - 1,0,0,0,2,0,0,1,stats#/player/627750,627750,368730,,,,,,
47,Mallory Souliotis,D,0,0,0,0,0,3,1,2,0,0 - 0,0,0,0,3,0,0,0,stats#/player/431621,431621,368730,,,,,,
73,Tereza Vanisova,F,0,0,0,2,1,5,0,0,0,8 - 2,0.8,0,0,6,1,8,2,stats#/player/627752,627752,368730,,,,,,
1,Caty Flagg,G,0,0,,0,,,,,,,,,,,,,,,632709,368730,00:00,0,0,0,0,stats#/player/632709
70,Carly Jackson,G,0,0,,0,,,,,,,,,,,,,,,1034319,368730,60:00,37,1,36,0.973,stats#/player/1034319
33,Victoria Hanson,G,0,0,,0,,,,,,,,,,,,,,,431611,368730,00:00,0,0,0,0,stats#/player/431611
35,Lovisa Selander,G,0,0,,0,,,,,,,,,,,,,,,431620,368730,59:00,23,2,21,0.913,stats#/player/431620
44,Lindsay Eastwood,D,0,2,2,2,2,2,0,2,1,0 - 0,0,0,0,4,2,0,0,stats#/player/630139,630139,368728,,,,,,
2,Taylor Woods,F,1,0,1,2,0,2,0,1,1,0 - 0,0,0,0,7,5,0,0,stats#/player/542421,542421,368728,,,,,,
12,Emily Fluke,F,1,0,1,0,0,1,1,0,0,1 - 0,1,0,1,1,0,1,0,stats#/player/455143,455143,368728,,,,,,
13,Mikyla Grant-Mentis,F,0,1,1,0,1,1,0,3,0,8 - 3,0.727,0,0,3,2,8,3,stats#/player/532475,532475,368728,,,,,,
19,Brooke Boquist,F,1,0,1,2,1,6,1,0,0,0 - 0,0,0,0,10,4,0,0,stats#/player/543984,543984,368728,,,,,,
22,Natalie Marcuzzi,F,0,1,1,0,1,5,0,0,1,3 - 2,0.6,0,0,7,2,3,2,stats#/player/1020560,1020560,368728,,,,,,
23,Megan Quinn,D,1,0,1,0,1,1,0,0,0,0 - 0,0,0,0,3,2,0,0,stats#/player/716576,716576,368728,,,,,,
24,Sarah-Eve Coutu Godbout,F,0,1,1,0,0,6,0,0,0,0 - 0,0,0,0,6,0,0,0,stats#/player/543983,543983,368728,,,,,,
67,Emma Woods,F,0,1,1,0,1,6,0,0,1,0 - 0,0,0,0,8,2,0,0,stats#/player/630149,630149,368728,,,,,,
6,Sarah Steele,D,0,0,0,2,0,1,0,0,0,0 - 0,0,0,0,1,0,0,0,stats#/player/630147,630147,368728,,,,,,
9,Mackenzie MacNeil,F,0,0,0,0,-1,3,0,0,0,0 - 0,0,0,0,3,0,0,0,stats#/player/630146,630146,368728,,,,,,
11,Breanne Wilson-Bennett,F,0,0,0,0,-1,2,1,0,0,6 - 5,0.546,0,0,2,0,6,5,stats#/player/630148,630148,368728,,,,,,
17,Taytum Clairmont,F,0,0,0,0,0,1,2,0,0,3 - 6,0.333,0,0,1,0,3,6,stats#/player/716577,716577,368728,,,,,,
20,Kristen Barbara,D,0,0,0,0,0,0,0,0,0,0 - 0,0,0,0,0,0,0,0,stats#/player/542417,542417,368728,,,,,,
21,Amy Curlew,F,0,0,0,0,1,0,0,0,0,0 - 1,0,0,0,0,0,0,1,stats#/player/543987,543987,368728,,,,,,
25,Emma Greco,D,0,0,0,0,1,3,4,1,0,0 - 0,0,0,0,4,1,0,0,stats#/player/542420,542420,368728,,,,,,
27,Shiann Darkangelo,F,0,0,0,2,0,8,0,0,1,9 - 11,0.45,0,0,8,0,9,11,stats#/player/542419,542419,368728,,,,,,
93,Julie Allen,F,0,0,0,0,0,1,0,0,0,0 - 0,0,0,0,1,0,0,0,stats#/player/716575,716575,368728,,,,,,
9,Autumn MacDougall,F,2,0,2,0,1,4,0,1,0,0 - 0,0,0,0,4,0,0,0,stats#/player/632861,632861,368728,,,,,,
4,Marie-Jo Pelletier,D,0,1,1,0,-1,3,4,0,0,0 - 0,0,0,0,3,0,0,0,stats#/player/431633,431633,368728,,,,,,
5,Lenka Curmova,D,0,1,1,2,-1,1,0,0,2,0 - 0,0,0,0,3,2,0,0,stats#/player/980280,980280,368728,,,,,,
25,Kristin Lewicki,F,0,1,1,0,0,0,1,0,0,0 - 0,0,0,0,0,0,0,0,stats#/player/632934,632934,368728,,,,,,
77,Whitney Dove,D,0,1,1,2,0,0,1,0,0,0 - 0,0,0,0,1,1,0,0,stats#/player/632942,632942,368728,,,,,,
3,Megan Delay,D,0,0,0,0,0,0,0,0,0,0 - 0,0,0,0,1,1,0,0,stats#/player/431627,431627,368728,,,,,,
8,Iveta Klimasova,F,0,0,0,0,0,0,1,0,0,0 - 0,0,0,0,0,0,0,0,stats#/player/431629,431629,368728,,,,,,
10,Neve Van Pelt,F,0,0,0,0,-1,1,1,1,0,5 - 6,0.455,0,0,1,0,5,6,stats#/player/455031,455031,368728,,,,,,
12,Brooke Stacey,F,0,0,0,0,-1,4,1,1,2,0 - 0,0,0,0,4,0,0,0,stats#/player/431636,431636,368728,,,,,,
13,Dominique Kremer,D,0,0,0,0,-1,2,2,0,1,0 - 0,0,0,0,2,0,0,0,stats#/player/632881,632881,368728,,,,,,
16,Brittany Colton,F/D,0,0,0,0,0,1,0,0,0,0 - 0,0,0,0,1,0,0,0,stats#/player/720742,720742,368728,,,,,,
17,Cassidy MacPherson,F,0,0,0,0,-2,0,1,1,1,13 - 5,0.722,0,0,1,1,13,5,stats#/player/431630,431630,368728,,,,,,
19,Taylor Wasylk,F,0,0,0,0,0,3,1,0,1,2 - 8,0.2,0,0,3,0,2,8,stats#/player/455201,455201,368728,,,,,,
21,Kayla Meneghin,F,0,0,0,4,0,1,0,0,0,1 - 2,0.333,0,0,1,0,1,2,stats#/player/632920,632920,368728,,,,,,
23,Alyson Matteau,D,0,0,0,0,0,1,6,1,0,0 - 0,0,0,0,2,1,0,0,stats#/player/632927,632927,368728,,,,,,
27,Jordan Juron,F,0,0,0,0,1,3,0,0,0,7 - 9,0.438,0,0,4,1,7,9,stats#/player/455131,455131,368728,,,,,,
81,Erin Gehen,F,0,0,0,0,-1,2,0,0,0,0 - 0,0,0,0,4,2,0,0,stats#/player/466337,466337,368728,,,,,,
98,Hunter Accursi,F,0,0,0,0,0,0,1,0,0,0 - 0,0,0,0,0,0,0,0,stats#/player/632854,632854,368728,,,,,,
29,Elaine Chuli,G,0,0,,0,,,,,,,,,,,,,,,542418,368728,60:00,26,2,24,0.923,stats#/player/542418
34,Samantha Ridgewell,G,0,0,,0,,,,,,,,,,,,,,,543985,368728,00:00,0,0,0,0,stats#/player/543985
1,Caty Flagg,G,0,0,,0,,,,,,,,,,,,,,,632709,368728,00:00,0,0,0,0,stats#/player/632709
70,Carly Jackson,G,0,0,,0,,,,,,,,,,,,,,,1034319,368728,59:27,48,3,45,0.938,stats#/player/1034319
15,Emma Vlasic,F,1,3,4,2,3,2,0,0,0,14 - 12,0.539,1,0,2,0,14,12,stats#/player/431646,431646,368727,,,,,,
8,Alyssa Wohlfeiler,F,1,2,3,0,3,2,0,1,0,0 - 0,0,0,0,3,1,0,0,stats#/player/57768,57768,368727,,,,,,
5,Tori Howran,D,1,0,1,0,2,3,0,0,0,0 - 0,0,0,0,3,0,0,0,stats#/player/1034126,1034126,368727,,,,,,
6,Shannon Turner,D,0,1,1,0,2,0,0,1,0,0 - 0,0,0,0,2,2,0,0,stats#/player/967608,967608,368727,,,,,,
14,Elena Orlando,D,0,1,1,0,1,1,3,1,0,0 - 0,0,0,0,1,0,0,0,stats#/player/909127,909127,368727,,,,,,
23,Kateylnn Russ,F,1,0,1,2,2,7,0,0,1,1 - 1,0.5,0,0,8,1,1,1,stats#/player/856786,856786,368727,,,,,,
88,Amanda Conway,F,0,1,1,0,1,0,0,1,0,0 - 0,0,0,0,0,0,0,0,stats#/player/707073,707073,368727,,,,,,
4,Taylor Marchin,D,0,0,0,0,1,0,1,1,2,0 - 0,0,0,0,0,0,0,0,stats#/player/431643,431643,368727,,,,,,
9,Kaycie Anderson,F,0,0,0,0,0,2,1,0,0,0 - 0,0,0,0,2,0,0,0,stats#/player/431637,431637,368727,,,,,,
10,Laurel Hill,D,0,0,0,0,0,0,0,0,0,0 - 0,0,0,0,0,0,0,0,stats#/player/515537,515537,368727,,,,,,
12,Maggie LaGue,D,0,0,0,0,1,1,2,0,1,0 - 0,0,0,0,3,2,0,0,stats#/player/707065,707065,368727,,,,,,
16,Hanna Beattie,D,0,0,0,0,0,1,1,0,0,0 - 0,0,0,0,1,0,0,0,stats#/player/455146,455146,368727,,,,,,
20,Maddie Bishop,F,0,0,0,0,0,0,0,0,0,0 - 0,0,0,0,1,1,0,0,stats#/player/707067,707067,368727,,,,,,
21,Sarah Schwenzfeier,F,0,0,0,0,0,1,3,0,1,5 - 8,0.385,0,0,3,2,5,8,stats#/player/455186,455186,368727,,,,,,
22,Mackenzie Lancaster,F,0,0,0,0,1,4,1,0,0,3 - 4,0.429,0,0,4,0,3,4,stats#/player/721975,721975,368727,,,,,,
24,Janine Weber,F,0,0,0,4,0,5,0,0,0,1 - 0,1,0,0,5,0,1,0,stats#/player/513300,513300,368727,,,,,,
29,Kayla Friesen,F,0,0,0,4,0,8,0,1,0,4 - 10,0.286,0,0,8,0,4,10,stats#/player/856779,856779,368727,,,,,,
94,Grace Klienbach,F,0,0,0,0,0,0,0,0,0,0 - 0,0,0,0,0,0,0,0,stats#/player/827706,827706,368727,,,,,,
13,Kaleigh Fratkin,D,0,1,1,0,1,2,2,0,1,0 - 0,0,0,0,4,2,0,0,stats#/player/57735,57735,368727,,,,,,
17,McKenna Brand,F,1,0,1,0,1,3,0,0,0,1 - 0,1,1,0,3,0,1,0,stats#/player/431610,431610,368727,,,,,,
21,Christina Putigna,F,0,1,1,0,1,3,1,0,0,0 - 0,0,0,0,3,0,0,0,stats#/player/431616,431616,368727,,,,,,
2,Meaghan Rickard,F,0,0,0,0,-2,2,0,1,0,0 - 1,0,0,0,2,0,0,1,stats#/player/710840,710840,368727,,,,,,
4,Lauren Kelly,D,0,0,0,0,-4,1,1,1,0,0 - 0,0,0,0,3,2,0,0,stats#/player/431612,431612,368727,,,,,,
7,Mary Parker,F,0,0,0,0,0,2,0,1,1,0 - 0,0,0,0,2,0,0,0,stats#/player/1041273,1041273,368727,,,,,,
8,Taylor Turnquist,D,0,0,0,2,-2,0,1,1,0,0 - 0,0,0,0,3,3,0,0,stats#/player/949959,949959,368727,,,,,,
9,Tori Sullivan,F,0,0,0,0,-1,2,1,0,1,0 - 0,0,0,0,2,0,0,0,stats#/player/431622,431622,368727,,,,,,
14,Jillian Dempsey,F,0,0,0,0,0,0,0,0,0,0 - 1,0,0,0,0,0,0,1,stats#/player/58116,58116,368727,,,,,,
16,Lexie Laing,F,0,0,0,0,-3,2,0,0,0,12 - 8,0.6,0,0,2,0,12,8,stats#/player/967905,967905,368727,,,,,,
18,Taylor Wenczkowski,F,0,0,0,2,-2,1,0,0,0,0 - 2,0,0,0,1,0,0,2,stats#/player/627747,627747,368727,,,,,,
19,Sammy Davis,F,0,0,0,0,0,2,0,0,0,2 - 1,0.667,0,0,4,2,2,1,stats#/player/627751,627751,368727,,,,,,
20,Paige Capistran,D,0,0,0,0,-2,2,0,0,0,0 - 0,0,0,0,3,1,0,0,stats#/player/627748,627748,368727,,,,,,
23,Carlee Turner,F,0,0,0,0,0,1,0,0,0,7 - 7,0.5,0,0,1,0,7,7,stats#/player/627749,627749,368727,,,,,,
28,Briana Mastel,D,0,0,0,0,0,4,0,0,2,0 - 0,0,0,0,4,0,0,0,stats#/player/431614,431614,368727,,,,,,
42,Meghara McManus,F,0,0,0,2,-1,3,0,0,0,0 - 1,0,0,0,4,1,0,1,stats#/player/627750,627750,368727,,,,,,
47,Mallory Souliotis,D,0,0,0,0,1,0,2,0,0,0 - 0,0,0,0,1,1,0,0,stats#/player/431621,431621,368727,,,,,,
73,Tereza Vanisova,F,0,0,0,2,0,5,1,1,1,13 - 7,0.65,0,0,5,0,13,7,stats#/player/627752,627752,368727,,,,,,
1,Brooke Wolejko,G,0,0,,0,,,,,,,,,,,,,,,456412,368727,00:00,0,0,0,0,stats#/player/456412
35,Abbie Ives,G,0,0,,0,,,,,,,,,,,,,,,707072,368727,60:00,35,1,34,0.971,stats#/player/707072
33,Victoria Hanson,G,0,0,,0,,,,,,,,,,,,,,,431611,368727,60:00,37,4,33,0.892,stats#/player/431611
35,Lovisa Selander,G,0,0,,0,,,,,,,,,,,,,,,431620,368727,00:00,0,0,0,0,stats#/player/431620
8,Taylor Turnquist,D,0,1,1,0,1,0,2,1,0,0 - 0,0,0,0,2,2,0,0,stats#/player/949959,949959,368726,,,,,,
17,McKenna Brand,F,0,1,1,0,1,4,0,0,0,0 - 2,0,0,0,6,2,0,2,stats#/player/431610,431610,368726,,,,,,
21,Christina Putigna,F,1,0,1,0,1,4,1,0,1,0 - 0,0,1,0,4,0,0,0,stats#/player/431616,431616,368726,,,,,,
2,Meaghan Rickard,F,0,0,0,0,-1,2,0,1,0,0 - 0,0,0,0,3,1,0,0,stats#/player/710840,710840,368726,,,,,,
4,Lauren Kelly,D,0,0,0,4,-1,1,2,2,0,0 - 0,0,0,0,1,0,0,0,stats#/player/431612,431612,368726,,,,,,
7,Mary Parker,F,0,0,0,0,0,1,1,0,0,0 - 1,0,0,0,1,0,0,1,stats#/player/1041273,1041273,368726,,,,,,
9,Tori Sullivan,F,0,0,0,0,0,0,1,1,0,0 - 0,0,0,0,0,0,0,0,stats#/player/431622,431622,368726,,,,,,
13,Kaleigh Fratkin,D,0,0,0,4,0,4,5,1,0,0 - 1,0,0,0,4,0,0,1,stats#/player/57735,57735,368726,,,,,,
14,Jillian Dempsey,F,0,0,0,0,0,2,0,2,1,10 - 8,0.556,0,0,2,0,10,8,stats#/player/58116,58116,368726,,,,,,
16,Lexie Laing,F,0,0,0,0,0,1,0,0,0,4 - 5,0.444,0,0,1,0,4,5,stats#/player/967905,967905,368726,,,,,,
18,Taylor Wenczkowski,F,0,0,0,0,0,1,0,2,0,0 - 0,0,0,0,2,1,0,0,stats#/player/627747,627747,368726,,,,,,
19,Sammy Davis,F,0,0,0,0,-1,1,0,0,1,0 - 0,0,0,0,1,0,0,0,stats#/player/627751,627751,368726,,,,,,
20,Paige Capistran,D,0,0,0,2,-1,0,1,0,0,0 - 0,0,0,0,2,2,0,0,stats#/player/627748,627748,368726,,,,,,
23,Carlee Turner,F,0,0,0,0,0,2,0,0,0,1 - 3,0.25,0,0,2,0,1,3,stats#/player/627749,627749,368726,,,,,,
28,Briana Mastel,D,0,0,0,0,0,0,3,0,0,0 - 0,0,0,0,0,0,0,0,stats#/player/431614,431614,368726,,,,,,
42,Meghara McManus,F,0,0,0,0,-1,0,1,0,2,1 - 1,0.5,0,0,1,1,1,1,stats#/player/627750,627750,368726,,,,,,
47,Mallory Souliotis,D,0,0,0,0,-2,1,1,0,0,0 - 0,0,0,0,1,0,0,0,stats#/player/431621,431621,368726,,,,,,
73,Tereza Vanisova,F,0,0,0,0,0,1,0,2,0,7 - 5,0.583,0,0,1,0,7,5,stats#/player/627752,627752,368726,,,,,,
13,Mikyla Grant-Mentis,F,1,0,1,0,1,4,0,0,1,2 - 4,0.333,0,0,8,4,2,4,stats#/player/532475,532475,368726,,,,,,
19,Brooke Boquist,F,1,0,1,2,0,5,0,0,1,0 - 2,0,1,0,7,2,0,2,stats#/player/543984,543984,368726,,,,,,
21,Amy Curlew,F,0,1,1,0,1,0,1,0,0,2 - 0,1,0,0,1,1,2,0,stats#/player/543987,543987,368726,,,,,,
44,Lindsay Eastwood,D,0,1,1,2,1,0,1,0,1,0 - 0,0,0,0,2,2,0,0,stats#/player/630139,630139,368726,,,,,,
67,Emma Woods,F,0,1,1,0,1,5,0,1,0,0 - 0,0,0,0,7,2,0,0,stats#/player/630149,630149,368726,,,,,,
2,Taylor Woods,F,0,0,0,0,-1,4,3,0,0,0 - 0,0,0,0,6,2,0,0,stats#/player/542421,542421,368726,,,,,,
6,Sarah Steele,D,0,0,0,0,-1,0,1,0,0,0 - 0,0,0,0,0,0,0,0,stats#/player/630147,630147,368726,,,,,,
9,Mackenzie MacNeil,F,0,0,0,0,0,2,0,0,0,0 - 1,0,0,0,2,0,0,1,stats#/player/630146,630146,368726,,,,,,
11,Breanne Wilson-Bennett,F,0,0,0,0,1,4,0,2,5,7 - 5,0.583,0,0,4,0,7,5,stats#/player/630148,630148,368726,,,,,,
12,Emily Fluke,F,0,0,0,0,-1,1,0,0,0,0 - 1,0,0,0,1,0,0,1,stats#/player/455143,455143,368726,,,,,,
17,Taytum Clairmont,F,0,0,0,0,0,1,0,0,1,1 - 2,0.333,0,0,2,1,1,2,stats#/player/716577,716577,368726,,,,,,
20,Kristen Barbara,D,0,0,0,2,1,0,0,1,0,0 - 0,0,0,0,0,0,0,0,stats#/player/542417,542417,368726,,,,,,
22,Natalie Marcuzzi,F,0,0,0,0,-1,1,0,1,0,2 - 3,0.4,0,0,2,1,2,3,stats#/player/1020560,1020560,368726,,,,,,
23,Megan Quinn,D,0,0,0,2,0,1,2,0,0,0 - 0,0,0,0,1,0,0,0,stats#/player/716576,716576,368726,,,,,,
24,Sarah-Eve Coutu Godbout,F,0,0,0,0,1,8,0,0,1,0 - 0,0,0,0,10,2,0,0,stats#/player/543983,543983,368726,,,,,,
25,Emma Greco,D,0,0,0,0,1,0,0,0,0,0 - 0,0,0,0,0,0,0,0,stats#/player/542420,542420,368726,,,,,,
27,Shiann Darkangelo,F,0,0,0,4,1,2,1,0,2,12 - 5,0.706,0,0,3,1,12,5,stats#/player/542419,542419,368726,,,,,,
91,Jenna McParland,F,0,0,0,0,0,0,0,0,0,0 - 0,0,0,0,0,0,0,0,stats#/player/543986,543986,368726,,,,,,
93,Julie Allen,F,0,0,0,0,0,0,0,0,0,0 - 0,0,0,0,0,0,0,0,stats#/player/716575,716575,368726,,,,,,
33,Victoria Hanson,G,0,0,,0,,,,,,,,,,,,,,,431611,368726,00:00,0,0,0,0,stats#/player/431611
35,Lovisa Selander,G,0,0,,0,,,,,,,,,,,,,,,431620,368726,59:19,38,2,36,0.947,stats#/player/431620
29,Elaine Chuli,G,0,0,,0,,,,,,,,,,,,,,,542418,368726,60:00,25,1,24,0.96,stats#/player/542418
34,Samantha Ridgewell,G,0,0,,0,,,,,,,,,,,,,,,543985,368726,00:00,0,0,0,0,stats#/player/543985
3,Theresa Knutson,F,0,0,0,0,0,2,1,1,0,0 - 0,0,0,0,4,2,0,0,stats#/player/644548,644548,368725,,,,,,
4,Emily Janiga,F,0,0,0,0,0,1,0,2,1,6 - 8,0.429,0,0,1,0,6,8,stats#/player/644549,644549,368725,,,,,,
5,Leila Kilduff,D,0,0,0,0,0,3,2,1,0,0 - 0,0,0,0,3,0,0,0,stats#/player/456621,456621,368725,,,,,,
6,Paige Voight,F,0,0,0,0,0,1,1,0,1,0 - 0,0,0,0,4,3,0,0,stats#/player/644550,644550,368725,,,,,,
7,Sammy Kolowrat,D,0,0,0,0,-1,0,0,1,0,0 - 0,0,0,0,1,1,0,0,stats#/player/644551,644551,368725,,,,,,
8,Kelly Babstock,F,0,0,0,0,0,2,1,1,1,7 - 12,0.368,0,0,2,0,7,12,stats#/player/699761,699761,368725,,,,,,
9,Rebecca Morse,D,0,0,0,14,0,2,1,2,0,0 - 0,0,0,0,9,7,0,0,stats#/player/431654,431654,368725,,,,,,
10,Kendall Cornine,F,0,0,0,0,0,5,1,0,0,5 - 2,0.714,0,0,6,1,5,2,stats#/player/431650,431650,368725,,,,,,
13,Cailey Hutchison,F,0,0,0,0,-1,1,1,0,0,8 - 6,0.571,0,0,2,1,8,6,stats#/player/431652,431652,368725,,,,,,
14,Madison Packer,F,0,0,0,4,0,7,0,1,1,0 - 1,0,0,0,8,1,0,1,stats#/player/966106,966106,368725,,,,,,
16,Brooke Avery,F,0,0,0,0,0,0,1,0,0,0 - 0,0,0,0,0,0,0,0,stats#/player/431648,431648,368725,,,,,,
18,Rebecca Russo,F,0,0,0,0,0,1,0,1,0,0 - 0,0,0,0,1,0,0,0,stats#/player/644558,644558,368725,,,,,,
20,Mallory Rushton,F,0,0,0,0,0,1,0,1,0,0 - 0,0,0,0,1,0,0,0,stats#/player/431656,431656,368725,,,,,,
22,Allie Olnowich,D,0,0,0,0,0,2,1,0,0,0 - 0,0,0,0,2,0,0,0,stats#/player/699760,699760,368725,,,,,,
24,Jayne Lewis,F,0,0,0,0,0,0,0,0,0,0 - 0,0,0,0,1,1,0,0,stats#/player/532476,532476,368725,,,,,,
26,Kiira Dosdall-Arena,D,0,0,0,0,-1,8,1,1,0,0 - 0,0,0,0,9,1,0,0,stats#/player/1066549,1066549,368725,,,,,,
28,Kate Leary,F,0,0,0,0,0,1,0,0,0,0 - 0,0,0,0,1,0,0,0,stats#/player/699768,699768,368725,,,,,,
71,Saroya Tinker,D,0,0,0,0,0,1,1,0,0,0 - 0,0,0,0,3,2,0,0,stats#/player/879727,879727,368725,,,,,,
6,Sydney Baldwin,D,0,1,1,0,1,5,3,2,1,0 - 0,0,0,0,10,5,0,0,stats#/player/722192,722192,368725,,,,,,
19,Haley Mack,F,1,0,1,0,1,5,1,0,0,0 - 0,0,1,0,5,0,0,0,stats#/player/706982,706982,368725,,,,,,
20,Meghan Lorence,F,0,1,1,0,1,4,0,0,2,0 - 0,0,0,0,6,2,0,0,stats#/player/431669,431669,368725,,,,,,
3,Jonna Curtis,F,0,0,0,0,0,5,3,0,1,9 - 8,0.529,0,0,5,0,9,8,stats#/player/431666,431666,368725,,,,,,
4,Chelsey Brodt Rosenthal,D,0,0,0,0,0,0,1,0,1,0 - 0,0,0,0,1,1,0,0,stats#/player/431664,431664,368725,,,,,,
5,Winny Brodt Brown,D,0,0,0,0,0,0,2,0,0,0 - 0,0,0,0,0,0,0,0,stats#/player/431663,431663,368725,,,,,,
7,Emma Stauber,D,0,0,0,4,0,0,4,0,0,0 - 0,0,0,0,0,0,0,0,stats#/player/968364,968364,368725,,,,,,
9,Allie Thunstrom,F,0,0,0,0,0,0,0,0,0,0 - 0,0,0,0,0,0,0,0,stats#/player/431677,431677,368725,,,,,,
10,Brooke White-Lancette,F,0,0,0,0,0,0,0,0,0,0 - 0,0,0,0,0,0,0,0,stats#/player/431678,431678,368725,,,,,,
14,Rose Alleva,D,0,0,0,0,0,0,0,0,0,0 - 0,0,0,0,0,0,0,0,stats#/player/456613,456613,368725,,,,,,
15,Meaghan Pezon,F,0,0,0,0,0,1,0,0,1,0 - 0,0,0,0,1,0,0,0,stats#/player/455178,455178,368725,,,,,,
18,Stephanie Anderson,F,0,0,0,0,0,4,0,1,0,12 - 12,0.5,0,0,6,2,12,12,stats#/player/431659,431659,368725,,,,,,
21,Audra Morrison,F,0,0,0,0,0,3,1,1,3,0 - 0,0,0,0,4,1,0,0,stats#/player/431673,431673,368725,,,,,,
22,Lynn Astrup,F,0,0,0,0,0,0,0,0,0,0 - 0,0,0,0,0,0,0,0,stats#/player/706983,706983,368725,,,,,,
23,Nina Rodgers,F,0,0,0,2,0,3,1,0,1,0 - 2,0,0,0,3,0,0,2,stats#/player/455188,455188,368725,,,,,,
33,Maddie Rowe,D,0,0,0,2,0,2,4,0,1,0 - 0,0,0,0,3,1,0,0,stats#/player/707198,707198,368725,,,,,,
88,Sara Bustad,D,0,0,0,0,0,2,0,0,1,0 - 0,0,0,0,2,0,0,0,stats#/player/456616,456616,368725,,,,,,
91,Haylea Schmid,F,0,0,0,0,0,3,0,0,0,8 - 4,0.667,0,0,3,0,8,4,stats#/player/431675,431675,368725,,,,,,
29,Sonjia Shelly,G,0,0,,0,,,,,,,,,,,,,,,456411,368725,60:00,37,1,36,0.973,stats#/player/456411
31,Tera Hofmann,G,0,0,,0,,,,,,,,,,,,,,,881597,368725,00:00,0,0,0,0,stats#/player/881597
29,Amanda Leveille,G,0,0,,0,,,,,,,,,,,,,,,967811,368725,60:00,38,0,38,1,stats#/player/967811
31,Allie Morse,G,0,0,,0,,,,,,,,,,,,,,,431671,368725,00:00,0,0,0,0,stats#/player/431671
13,Kaleigh Fratkin,D,0,3,3,0,4,1,3,0,0,0 - 1,0,0,0,3,2,0,1,stats#/player/57735,57735,368724,,,,,,
14,Jillian Dempsey,F,2,0,2,0,2,5,1,0,0,11 - 5,0.688,1,0,6,1,11,5,stats#/player/58116,58116,368724,,,,,,
17,McKenna Brand,F,1,1,2,0,3,2,0,0,1,3 - 1,0.75,0,0,8,6,3,1,stats#/player/431610,431610,368724,,,,,,
21,Christina Putigna,F,0,2,2,0,3,4,0,0,2,0 - 0,0,0,0,5,1,0,0,stats#/player/431616,431616,368724,,,,,,
16,Lexie Laing,F,0,1,1,0,1,1,1,0,1,4 - 5,0.444,0,0,1,0,4,5,stats#/player/967905,967905,368724,,,,,,
18,Taylor Wenczkowski,F,1,0,1,0,1,4,0,0,0,0 - 0,0,0,0,6,2,0,0,stats#/player/627747,627747,368724,,,,,,
19,Sammy Davis,F,1,0,1,0,1,2,0,1,1,0 - 0,0,1,0,2,0,0,0,stats#/player/627751,627751,368724,,,,,,
73,Tereza Vanisova,F,0,1,1,2,2,4,0,1,0,8 - 3,0.727,0,0,5,1,8,3,stats#/player/627752,627752,368724,,,,,,
2,Meaghan Rickard,F,0,0,0,0,0,1,0,1,0,0 - 1,0,0,0,3,2,0,1,stats#/player/710840,710840,368724,,,,,,
4,Lauren Kelly,D,0,0,0,0,2,3,0,2,0,0 - 1,0,0,0,4,1,0,1,stats#/player/431612,431612,368724,,,,,,
7,Mary Parker,F,0,0,0,0,-1,1,0,0,0,0 - 0,0,0,0,1,0,0,0,stats#/player/1041273,1041273,368724,,,,,,
8,Taylor Turnquist,D,0,0,0,0,0,4,0,0,0,0 - 0,0,0,0,5,1,0,0,stats#/player/949959,949959,368724,,,,,,
9,Tori Sullivan,F,0,0,0,0,-1,0,0,0,0,0 - 0,0,0,0,0,0,0,0,stats#/player/431622,431622,368724,,,,,,
12,Jenna Rheault,D,0,0,0,0,0,0,0,0,0,0 - 0,0,0,0,0,0,0,0,stats#/player/431619,431619,368724,,,,,,
20,Paige Capistran,D,0,0,0,2,0,1,2,0,0,0 - 0,0,0,0,3,2,0,0,stats#/player/627748,627748,368724,,,,,,
23,Carlee Turner,F,0,0,0,0,0,4,0,0,0,4 - 7,0.364,0,0,4,0,4,7,stats#/player/627749,627749,368724,,,,,,
42,Meghara McManus,F,0,0,0,0,0,2,1,0,1,1 - 0,1,0,0,2,0,1,0,stats#/player/627750,627750,368724,,,,,,
47,Mallory Souliotis,D,0,0,0,0,1,1,0,0,0,0 - 0,0,0,0,1,0,0,0,stats#/player/431621,431621,368724,,,,,,
21,Kayla Meneghin,F,0,1,1,2,0,1,0,0,0,3 - 6,0.333,0,0,1,0,3,6,stats#/player/632920,632920,368724,,,,,,
25,Kristin Lewicki,F,0,1,1,0,0,3,0,0,1,0 - 1,0,0,0,3,0,0,1,stats#/player/632934,632934,368724,,,,,,
27,Jordan Juron,F,1,0,1,0,-1,3,2,0,0,10 - 10,0.5,0,0,4,1,10,10,stats#/player/455131,455131,368724,,,,,,
3,Megan Delay,D,0,0,0,0,-1,0,2,0,0,0 - 0,0,0,0,0,0,0,0,stats#/player/431627,431627,368724,,,,,,
4,Marie-Jo Pelletier,D,0,0,0,0,-4,1,3,0,0,0 - 0,0,0,0,1,0,0,0,stats#/player/431633,431633,368724,,,,,,
5,Lenka Curmova,D,0,0,0,2,-1,1,2,0,0,0 - 0,0,0,0,1,0,0,0,stats#/player/980280,980280,368724,,,,,,
8,Iveta Klimasova,F,0,0,0,2,-1,2,0,1,1,0 - 0,0,0,0,3,1,0,0,stats#/player/431629,431629,368724,,,,,,
9,Autumn MacDougall,F,0,0,0,0,0,2,0,0,0,0 - 0,0,0,0,2,0,0,0,stats#/player/632861,632861,368724,,,,,,
10,Neve Van Pelt,F,0,0,0,0,-2,0,0,0,0,3 - 9,0.25,0,0,0,0,3,9,stats#/player/455031,455031,368724,,,,,,
12,Brooke Stacey,F,0,0,0,0,-1,1,0,0,0,1 - 0,1,0,0,3,2,1,0,stats#/player/431636,431636,368724,,,,,,
13,Dominique Kremer,D,0,0,0,4,1,1,4,1,0,0 - 0,0,0,0,1,0,0,0,stats#/player/632881,632881,368724,,,,,,
16,Brittany Colton,F/D,0,0,0,0,-2,0,1,0,0,0 - 0,0,0,0,0,0,0,0,stats#/player/720742,720742,368724,,,,,,
17,Cassidy MacPherson,F,0,0,0,0,0,3,0,0,0,7 - 5,0.583,0,0,4,1,7,5,stats#/player/431630,431630,368724,,,,,,
23,Alyson Matteau,D,0,0,0,2,-3,0,4,1,0,0 - 0,0,0,0,2,2,0,0,stats#/player/632927,632927,368724,,,,,,
77,Whitney Dove,D,0,0,0,15,1,2,1,2,1,0 - 0,0,0,0,3,1,0,0,stats#/player/632942,632942,368724,,,,,,
81,Erin Gehen,F,0,0,0,0,-1,1,0,0,2,0 - 0,0,0,0,1,0,0,0,stats#/player/466337,466337,368724,,,,,,
98,Hunter Accursi,F,0,0,0,0,-1,0,0,1,0,0 - 0,0,0,0,0,0,0,0,stats#/player/632854,632854,368724,,,,,,
33,Victoria Hanson,G,0,0,,0,,,,,,,,,,,,,,,431611,368724,60:00,21,1,20,0.952,stats#/player/431611
35,Lovisa Selander,G,0,0,,0,,,,,,,,,,,,,,,431620,368724,00:00,0,0,0,0,stats#/player/431620
1,Caty Flagg,G,0,0,,0,,,,,,,,,,,,,,,632709,368724,00:00,0,0,0,0,stats#/player/632709
70,Carly Jackson,G,0,0,,0,,,,,,,,,,,,,,,1034319,368724,60:00,40,5,35,0.875,stats#/player/1034319
8,Alyssa Wohlfeiler,F,0,2,2,0,0,1,0,0,0,0 - 0,0,0,0,3,2,0,0,stats#/player/57768,57768,368720,,,,,,
5,Tori Howran,D,0,1,1,0,-2,1,0,0,1,0 - 0,0,0,0,1,0,0,0,stats#/player/1034126,1034126,368720,,,,,,
9,Kaycie Anderson,F,1,0,1,2,-1,2,0,0,0,0 - 0,0,0,0,3,1,0,0,stats#/player/431637,431637,368720,,,,,,
14,Elena Orlando,D,0,1,1,2,0,0,2,0,0,0 - 0,0,0,0,0,0,0,0,stats#/player/909127,909127,368720,,,,,,
21,Sarah Schwenzfeier,F,0,1,1,0,0,1,1,0,0,7 - 8,0.467,0,0,1,0,7,8,stats#/player/455186,455186,368720,,,,,,
23,Kateylnn Russ,F,1,0,1,0,0,6,0,0,1,0 - 3,0,0,0,6,0,0,3,stats#/player/856786,856786,368720,,,,,,
88,Amanda Conway,F,1,0,1,0,0,3,0,0,0,0 - 0,0,0,0,4,1,0,0,stats#/player/707073,707073,368720,,,,,,
4,Taylor Marchin,D,0,0,0,0,0,2,2,0,0,0 - 0,0,0,0,4,2,0,0,stats#/player/431643,431643,368720,,,,,,
6,Shannon Turner,D,0,0,0,0,0,5,2,1,1,0 - 0,0,0,0,7,2,0,0,stats#/player/967608,967608,368720,,,,,,
12,Maggie LaGue,D,0,0,0,0,-1,1,0,0,0,0 - 0,0,0,0,1,0,0,0,stats#/player/707065,707065,368720,,,,,,
13,Nicole Guagliardo,F,0,0,0,4,-1,0,0,0,0,0 - 0,0,0,0,2,2,0,0,stats#/player/707066,707066,368720,,,,,,
15,Emma Vlasic,F,0,0,0,0,1,4,1,0,0,11 - 6,0.647,0,0,5,1,11,6,stats#/player/431646,431646,368720,,,,,,
16,Hanna Beattie,D,0,0,0,0,0,2,3,1,1,0 - 0,0,0,0,2,0,0,0,stats#/player/455146,455146,368720,,,,,,
20,Maddie Bishop,F,0,0,0,0,0,0,0,0,0,0 - 0,0,0,0,0,0,0,0,stats#/player/707067,707067,368720,,,,,,
22,Mackenzie Lancaster,F,0,0,0,0,0,4,1,0,0,4 - 7,0.364,0,0,5,1,4,7,stats#/player/721975,721975,368720,,,,,,
24,Janine Weber,F,0,0,0,0,0,1,0,0,1,0 - 0,0,0,0,3,2,0,0,stats#/player/513300,513300,368720,,,,,,
29,Kayla Friesen,F,0,0,0,0,-1,3,0,1,1,12 - 13,0.48,0,0,4,1,12,13,stats#/player/856779,856779,368720,,,,,,
94,Grace Klienbach,F,0,0,0,0,0,0,0,0,0,0 - 0,0,0,0,1,1,0,0,stats#/player/827706,827706,368720,,,,,,
3,Theresa Knutson,F,1,0,1,0,1,7,0,0,1,1 - 0,1,0,0,8,1,1,0,stats#/player/644548,644548,368720,,,,,,
5,Leila Kilduff,D,0,1,1,0,2,0,4,1,0,0 - 0,0,0,0,1,1,0,0,stats#/player/456621,456621,368720,,,,,,
10,Kendall Cornine,F,0,1,1,2,1,0,0,0,0,8 - 7,0.533,0,0,1,1,8,7,stats#/player/431650,431650,368720,,,,,,
13,Cailey Hutchison,F,1,0,1,2,0,1,0,0,0,4 - 2,0.667,0,0,1,0,4,2,stats#/player/431652,431652,368720,,,,,,
16,Brooke Avery,F,0,1,1,0,0,1,0,0,0,0 - 0,0,0,0,1,0,0,0,stats#/player/431648,431648,368720,,,,,,
18,Rebecca Russo,F,1,0,1,0,2,3,0,0,1,1 - 1,0.5,1,0,4,1,1,1,stats#/player/644558,644558,368720,,,,,,
20,Mallory Rushton,F,1,0,1,0,0,3,1,1,0,0 - 0,0,0,0,4,1,0,0,stats#/player/431656,431656,368720,,,,,,
26,Kiira Dosdall-Arena,D,0,1,1,0,1,2,3,0,0,0 - 0,0,0,0,2,0,0,0,stats#/player/1066549,1066549,368720,,,,,,
28,Kate Leary,F,0,1,1,0,1,2,0,0,0,0 - 0,0,0,0,2,0,0,0,stats#/player/699768,699768,368720,,,,,,
71,Saroya Tinker,D,0,1,1,0,0,1,2,0,0,0 - 0,0,0,0,1,0,0,0,stats#/player/879727,879727,368720,,,,,,
2,Samantha Fieseler,D,0,0,0,0,0,0,0,0,0,0 - 0,0,0,0,0,0,0,0,stats#/player/814845,814845,368720,,,,,,
4,Emily Janiga,F,0,0,0,2,0,1,0,1,0,10 - 10,0.5,0,0,2,1,10,10,stats#/player/644549,644549,368720,,,,,,
6,Paige Voight,F,0,0,0,0,0,2,1,0,0,0 - 0,0,0,0,2,0,0,0,stats#/player/644550,644550,368720,,,,,,
7,Sammy Kolowrat,D,0,0,0,0,-1,1,1,1,0,0 - 0,0,0,0,3,2,0,0,stats#/player/644551,644551,368720,,,,,,
8,Kelly Babstock,F,0,0,0,0,0,2,1,1,1,12 - 14,0.462,0,0,3,1,12,14,stats#/player/699761,699761,368720,,,,,,
9,Rebecca Morse,D,0,0,0,0,0,0,0,1,0,0 - 0,0,0,0,2,2,0,0,stats#/player/431654,431654,368720,,,,,,
14,Madison Packer,F,0,0,0,0,1,1,1,0,0,1 - 0,1,0,0,1,0,1,0,stats#/player/966106,966106,368720,,,,,,
22,Allie Olnowich,D,0,0,0,0,-1,1,0,0,0,0 - 0,0,0,0,2,1,0,0,stats#/player/699760,699760,368720,,,,,,
24,Jayne Lewis,F,0,0,0,0,-1,0,0,0,0,0 - 0,0,0,0,0,0,0,0,stats#/player/532476,532476,368720,,,,,,
1,Brooke Wolejko,G,0,0,,0,,,,,,,,,,,,,,,456412,368720,54:41,24,4,20,0.833,stats#/player/456412
35,Abbie Ives,G,0,0,,0,,,,,,,,,,,,,,,707072,368720,05:19,4,0,4,1,stats#/player/707072
29,Sonjia Shelly,G,0,0,,0,,,,,,,,,,,,,,,456411,368720,00:00,0,0,0,0,stats#/player/456411
31,Tera Hofmann,G,0,0,,0,,,,,,,,,,,,,,,881597,368720,60:00,36,3,33,0.917,stats#/player/881597
6,Sarah Steele,D,0,2,2,0,3,0,2,0,0,0 - 0,0,0,0,1,1,0,0,stats#/player/630147,630147,368722,,,,,,
11,Breanne Wilson-Bennett,F,2,0,2,2,1,6,0,1,0,8 - 4,0.667,1,0,8,2,8,4,stats#/player/630148,630148,368722,,,,,,
19,Brooke Boquist,F,0,2,2,0,1,4,0,0,0,1 - 0,1,0,0,5,1,1,0,stats#/player/543984,543984,368722,,,,,,
27,Shiann Darkangelo,F,0,2,2,0,-1,3,1,0,0,10 - 10,0.5,0,0,4,1,10,10,stats#/player/542419,542419,368722,,,,,,
67,Emma Woods,F,0,2,2,0,0,6,0,0,0,0 - 0,0,0,0,7,1,0,0,stats#/player/630149,630149,368722,,,,,,
2,Taylor Woods,F,1,0,1,2,-1,2,1,0,0,2 - 0,1,0,0,2,0,2,0,stats#/player/542421,542421,368722,,,,,,
13,Mikyla Grant-Mentis,F,1,0,1,2,2,4,2,1,0,5 - 3,0.625,0,0,7,3,5,3,stats#/player/532475,532475,368722,,,,,,
21,Amy Curlew,F,0,1,1,2,1,0,0,0,0,0 - 1,0,0,0,1,1,0,1,stats#/player/543987,543987,368722,,,,,,
44,Lindsay Eastwood,D,1,0,1,0,0,3,0,0,0,0 - 0,0,1,0,5,2,0,0,stats#/player/630139,630139,368722,,,,,,
9,Mackenzie MacNeil,F,0,0,0,0,0,1,0,0,0,0 - 0,0,0,0,1,0,0,0,stats#/player/630146,630146,368722,,,,,,
12,Emily Fluke,F,0,0,0,0,-1,0,0,0,0,0 - 1,0,0,0,1,1,0,1,stats#/player/455143,455143,368722,,,,,,
17,Taytum Clairmont,F,0,0,0,0,-2,1,0,0,0,5 - 2,0.714,0,0,2,1,5,2,stats#/player/716577,716577,368722,,,,,,
20,Kristen Barbara,D,0,0,0,0,0,0,1,1,0,0 - 0,0,0,0,2,2,0,0,stats#/player/542417,542417,368722,,,,,,
22,Natalie Marcuzzi,F,0,0,0,2,0,2,1,0,1,2 - 2,0.5,0,0,4,2,2,2,stats#/player/1020560,1020560,368722,,,,,,
23,Megan Quinn,D,0,0,0,2,-2,3,1,0,1,0 - 0,0,0,0,3,0,0,0,stats#/player/716576,716576,368722,,,,,,
24,Sarah-Eve Coutu Godbout,F,0,0,0,0,0,1,0,0,1,0 - 0,0,0,0,3,2,0,0,stats#/player/543983,543983,368722,,,,,,
25,Emma Greco,D,0,0,0,2,-2,1,3,1,0,0 - 0,0,0,0,2,1,0,0,stats#/player/542420,542420,368722,,,,,,
93,Julie Allen,F,0,0,0,0,0,0,1,0,0,0 - 0,0,0,0,0,0,0,0,stats#/player/716575,716575,368722,,,,,,
6,Sydney Baldwin,D,1,1,2,4,-2,3,0,0,1,0 - 0,0,1,0,6,3,0,0,stats#/player/722192,722192,368722,,,,,,
23,Nina Rodgers,F,0,2,2,2,2,2,0,1,1,0 - 0,0,0,0,3,1,0,0,stats#/player/455188,455188,368722,,,,,,
7,Emma Stauber,D,0,1,1,2,0,1,4,0,0,0 - 0,0,0,0,2,1,0,0,stats#/player/968364,968364,368722,,,,,,
14,Rose Alleva,D,0,1,1,0,1,0,0,0,0,0 - 0,0,0,0,1,1,0,0,stats#/player/456613,456613,368722,,,,,,
15,Meaghan Pezon,F,1,0,1,0,1,1,1,0,0,0 - 2,0,1,0,2,1,0,2,stats#/player/455178,455178,368722,,,,,,
19,Haley Mack,F,1,0,1,2,0,1,0,0,0,0 - 0,0,0,0,2,1,0,0,stats#/player/706982,706982,368722,,,,,,
20,Meghan Lorence,F,0,1,1,2,-1,1,0,1,1,0 - 0,0,0,0,2,1,0,0,stats#/player/431669,431669,368722,,,,,,
21,Audra Morrison,F,1,0,1,0,1,2,1,0,1,0 - 0,0,0,1,2,0,0,0,stats#/player/431673,431673,368722,,,,,,
91,Haylea Schmid,F,1,0,1,0,0,2,0,0,0,3 - 4,0.429,0,0,3,1,3,4,stats#/player/431675,431675,368722,,,,,,
3,Jonna Curtis,F,0,0,0,0,0,3,0,0,0,11 - 11,0.5,0,0,3,0,11,11,stats#/player/431666,431666,368722,,,,,,
4,Chelsey Brodt Rosenthal,D,0,0,0,4,-2,0,3,0,0,0 - 0,0,0,0,0,0,0,0,stats#/player/431664,431664,368722,,,,,,
5,Winny Brodt Brown,D,0,0,0,0,2,0,2,0,0,0 - 0,0,0,0,0,0,0,0,stats#/player/431663,431663,368722,,,,,,
9,Allie Thunstrom,F,0,0,0,2,2,3,0,1,0,0 - 1,0,0,0,4,1,0,1,stats#/player/431677,431677,368722,,,,,,
10,Brooke White-Lancette,F,0,0,0,0,0,0,0,0,0,0 - 0,0,0,0,0,0,0,0,stats#/player/431678,431678,368722,,,,,,
18,Stephanie Anderson,F,0,0,0,0,-1,4,2,0,0,9 - 13,0.409,0,0,5,1,9,13,stats#/player/431659,431659,368722,,,,,,
22,Lynn Astrup,F,0,0,0,0,0,0,0,0,0,0 - 1,0,0,0,1,1,0,1,stats#/player/706983,706983,368722,,,,,,
33,Maddie Rowe,D,0,0,0,0,-1,1,7,0,0,0 - 1,0,0,0,1,0,0,1,stats#/player/707198,707198,368722,,,,,,
88,Sara Bustad,D,0,0,0,2,0,1,1,0,0,0 - 0,0,0,0,1,0,0,0,stats#/player/456616,456616,368722,,,,,,
29,Elaine Chuli,G,0,0,,0,,,,,,,,,,,,,,,542418,368722,00:00,0,0,0,0,stats#/player/542418
34,Samantha Ridgewell,G,0,0,,0,,,,,,,,,,,,,,,543985,368722,65:00,25,5,20,0.8,stats#/player/543985
29,Amanda Leveille,G,0,0,,0,,,,,,,,,,,,,,,967811,368722,63:00,37,5,32,0.865,stats#/player/967811
31,Allie Morse,G,0,0,,0,,,,,,,,,,,,,,,431671,368722,02:00,0,0,0,0,stats#/player/431671
21,Audra Morrison,F,0,2,2,0,2,1,1,0,0,0 - 1,0,0,0,1,0,0,1,stats#/player/431673,431673,368719,,,,,,
3,Jonna Curtis,F,1,0,1,0,1,3,1,0,0,4 - 8,0.333,0,0,4,1,4,8,stats#/player/431666,431666,368719,,,,,,
5,Winny Brodt Brown,D,1,0,1,2,1,1,1,0,0,0 - 0,0,0,0,1,0,0,0,stats#/player/431663,431663,368719,,,,,,
23,Nina Rodgers,F,0,1,1,0,1,1,0,0,0,0 - 2,0,0,0,1,0,0,2,stats#/player/455188,455188,368719,,,,,,
4,Chelsey Brodt Rosenthal,D,0,0,0,2,1,0,0,0,0,0 - 0,0,0,0,0,0,0,0,stats#/player/431664,431664,368719,,,,,,
6,Sydney Baldwin,D,0,0,0,0,0,2,1,0,0,0 - 0,0,0,0,5,3,0,0,stats#/player/722192,722192,368719,,,,,,
7,Emma Stauber,D,0,0,0,4,1,0,0,0,0,0 - 0,0,0,0,0,0,0,0,stats#/player/968364,968364,368719,,,,,,
9,Allie Thunstrom,F,0,0,0,2,-1,2,0,0,0,0 - 0,0,0,0,2,0,0,0,stats#/player/431677,431677,368719,,,,,,
10,Brooke White-Lancette,F,0,0,0,0,0,0,0,0,0,0 - 0,0,0,0,0,0,0,0,stats#/player/431678,431678,368719,,,,,,
14,Rose Alleva,D,0,0,0,0,-1,0,0,0,0,0 - 0,0,0,0,0,0,0,0,stats#/player/456613,456613,368719,,,,,,
15,Meaghan Pezon,F,0,0,0,0,1,0,0,0,0,0 - 1,0,0,0,0,0,0,1,stats#/player/455178,455178,368719,,,,,,
18,Stephanie Anderson,F,0,0,0,0,0,1,1,0,0,11 - 13,0.458,0,0,1,0,11,13,stats#/player/431659,431659,368719,,,,,,
19,Haley Mack,F,0,0,0,0,0,2,0,0,0,0 - 1,0,0,0,2,0,0,1,stats#/player/706982,706982,368719,,,,,,
20,Meghan Lorence,F,0,0,0,0,0,3,0,0,0,1 - 0,1,0,0,3,0,1,0,stats#/player/431669,431669,368719,,,,,,
22,Lynn Astrup,F,0,0,0,0,0,0,0,0,0,0 - 1,0,0,0,0,0,0,1,stats#/player/706983,706983,368719,,,,,,
33,Maddie Rowe,D,0,0,0,0,-1,0,3,0,0,0 - 0,0,0,0,0,0,0,0,stats#/player/707198,707198,368719,,,,,,
88,Sara Bustad,D,0,0,0,0,0,0,0,0,0,0 - 1,0,0,0,0,0,0,1,stats#/player/456616,456616,368719,,,,,,
91,Haylea Schmid,F,0,0,0,2,-1,3,1,0,0,2 - 5,0.286,0,0,4,1,2,5,stats#/player/431675,431675,368719,,,,,,
12,Jenna Rheault,D,0,1,1,0,1,0,0,0,0,0 - 0,0,0,0,1,1,0,0,stats#/player/431619,431619,368719,,,,,,
21,Christina Putigna,F,1,0,1,0,1,3,0,0,0,0 - 0,0,0,0,3,0,0,0,stats#/player/431616,431616,368719,,,,,,
2,Meaghan Rickard,F,0,0,0,0,0,0,0,0,0,0 - 0,0,0,0,0,0,0,0,stats#/player/710840,710840,368719,,,,,,
4,Lauren Kelly,D,0,0,0,0,-1,2,0,0,0,0 - 0,0,0,0,2,0,0,0,stats#/player/431612,431612,368719,,,,,,
7,Mary Parker,F,0,0,0,0,-1,3,0,0,0,0 - 0,0,0,0,4,1,0,0,stats#/player/1041273,1041273,368719,,,,,,
8,Taylor Turnquist,D,0,0,0,0,-1,0,1,0,0,0 - 0,0,0,0,0,0,0,0,stats#/player/949959,949959,368719,,,,,,
9,Tori Sullivan,F,0,0,0,0,0,1,0,0,0,0 - 0,0,0,0,2,1,0,0,stats#/player/431622,431622,368719,,,,,,
13,Kaleigh Fratkin,D,0,0,0,4,-1,1,1,0,0,0 - 0,0,0,0,3,2,0,0,stats#/player/57735,57735,368719,,,,,,
14,Jillian Dempsey,F,0,0,0,0,1,5,0,0,0,14 - 4,0.778,0,0,5,0,14,4,stats#/player/58116,58116,368719,,,,,,
16,Lexie Laing,F,0,0,0,0,-1,1,0,0,0,7 - 6,0.539,0,0,1,0,7,6,stats#/player/967905,967905,368719,,,,,,
17,McKenna Brand,F,0,0,0,0,1,5,0,0,0,0 - 0,0,0,0,6,1,0,0,stats#/player/431610,431610,368719,,,,,,
18,Taylor Wenczkowski,F,0,0,0,0,-1,6,0,0,0,0 - 0,0,0,0,6,0,0,0,stats#/player/627747,627747,368719,,,,,,
19,Sammy Davis,F,0,0,0,0,-1,2,0,0,0,0 - 0,0,0,0,2,0,0,0,stats#/player/627751,627751,368719,,,,,,
20,Paige Capistran,D,0,0,0,0,1,0,3,0,0,0 - 0,0,0,0,0,0,0,0,stats#/player/627748,627748,368719,,,,,,
23,Carlee Turner,F,0,0,0,0,0,3,0,0,0,4 - 4,0.5,0,0,3,0,4,4,stats#/player/627749,627749,368719,,,,,,
28,Briana Mastel,D,0,0,0,0,0,0,0,0,0,0 - 0,0,0,0,0,0,0,0,stats#/player/431614,431614,368719,,,,,,
42,Meghara McManus,F,0,0,0,2,0,3,0,0,0,0 - 1,0,0,0,4,1,0,1,stats#/player/627750,627750,368719,,,,,,
47,Mallory Souliotis,D,0,0,0,0,-1,2,0,0,0,0 - 0,0,0,0,3,1,0,0,stats#/player/431621,431621,368719,,,,,,
73,Tereza Vanisova,F,0,0,0,2,-1,0,0,0,0,8 - 3,0.727,0,0,1,1,8,3,stats#/player/627752,627752,368719,,,,,,
29,Amanda Leveille,G,0,0,,0,,,,,,,,,,,,,,,967811,368719,60:00,37,1,36,0.973,stats#/player/967811
31,Allie Morse,G,0,0,,0,,,,,,,,,,,,,,,431671,368719,00:00,0,0,0,0,stats#/player/431671
33,Victoria Hanson,G,0,0,,0,,,,,,,,,,,,,,,431611,368719,00:00,0,0,0,0,stats#/player/431611
35,Lovisa Selander,G,0,0,,0,,,,,,,,,,,,,,,431620,368719,60:00,19,2,17,0.895,stats#/player/431620
5,Leila Kilduff,D,2,0,2,0,3,2,2,0,0,0 - 0,0,0,0,2,0,0,0,stats#/player/456621,456621,368723,,,,,,
8,Kelly Babstock,F,0,2,2,6,2,1,0,0,0,2 - 10,0.167,0,0,1,0,2,10,stats#/player/699761,699761,368723,,,,,,
4,Emily Janiga,F,1,0,1,0,1,2,2,0,0,8 - 15,0.348,0,0,2,0,8,15,stats#/player/644549,644549,368723,,,,,,
18,Rebecca Russo,F,0,1,1,0,1,3,1,0,0,0 - 1,0,0,0,4,1,0,1,stats#/player/644558,644558,368723,,,,,,
3,Theresa Knutson,F,0,0,0,0,0,1,2,0,0,1 - 0,1,0,0,2,1,1,0,stats#/player/644548,644548,368723,,,,,,
6,Paige Voight,F,0,0,0,0,0,1,0,0,0,0 - 0,0,0,0,1,0,0,0,stats#/player/644550,644550,368723,,,,,,
7,Sammy Kolowrat,D,0,0,0,0,0,0,0,0,0,0 - 0,0,0,0,0,0,0,0,stats#/player/644551,644551,368723,,,,,,
9,Rebecca Morse,D,0,0,0,0,1,1,3,0,0,0 - 0,0,0,0,3,2,0,0,stats#/player/431654,431654,368723,,,,,,
10,Kendall Cornine,F,0,0,0,0,0,1,1,0,1,4 - 1,0.8,0,0,1,0,4,1,stats#/player/431650,431650,368723,,,,,,
13,Cailey Hutchison,F,0,0,0,0,0,0,0,0,0,3 - 5,0.375,0,0,0,0,3,5,stats#/player/431652,431652,368723,,,,,,
14,Madison Packer,F,0,0,0,0,1,2,0,0,1,1 - 2,0.333,0,0,3,1,1,2,stats#/player/966106,966106,368723,,,,,,
16,Brooke Avery,F,0,0,0,0,0,0,0,0,0,1 - 1,0.5,0,0,0,0,1,1,stats#/player/431648,431648,368723,,,,,,
20,Mallory Rushton,F,0,0,0,0,0,2,0,1,0,0 - 0,0,0,0,2,0,0,0,stats#/player/431656,431656,368723,,,,,,
22,Allie Olnowich,D,0,0,0,0,0,1,0,0,0,0 - 0,0,0,0,1,0,0,0,stats#/player/699760,699760,368723,,,,,,
24,Jayne Lewis,F,0,0,0,0,2,0,0,0,0,0 - 1,0,0,0,0,0,0,1,stats#/player/532476,532476,368723,,,,,,
26,Kiira Dosdall-Arena,D,0,0,0,0,0,1,1,0,0,0 - 0,0,0,0,2,1,0,0,stats#/player/1066549,1066549,368723,,,,,,
28,Kate Leary,F,0,0,0,0,1,1,0,0,0,0 - 0,0,0,0,1,0,0,0,stats#/player/699768,699768,368723,,,,,,
71,Saroya Tinker,D,0,0,0,0,1,0,2,0,0,0 - 0,0,0,0,1,1,0,0,stats#/player/879727,879727,368723,,,,,,
2,Taylor Woods,F,0,0,0,2,-1,5,3,0,0,0 - 1,0,0,0,5,0,0,1,stats#/player/542421,542421,368723,,,,,,
6,Sarah Steele,D,0,0,0,0,-1,4,1,0,0,0 - 0,0,0,0,6,2,0,0,stats#/player/630147,630147,368723,,,,,,
9,Mackenzie MacNeil,F,0,0,0,0,0,2,0,0,0,0 - 0,0,0,0,2,0,0,0,stats#/player/630146,630146,368723,,,,,,
11,Breanne Wilson-Bennett,F,0,0,0,0,0,2,0,0,0,7 - 2,0.778,0,0,3,1,7,2,stats#/player/630148,630148,368723,,,,,,
12,Emily Fluke,F,0,0,0,0,0,0,0,0,0,0 - 2,0,0,0,1,1,0,2,stats#/player/455143,455143,368723,,,,,,
13,Mikyla Grant-Mentis,F,0,0,0,0,-2,9,1,0,0,7 - 2,0.778,0,0,10,1,7,2,stats#/player/532475,532475,368723,,,,,,
17,Taytum Clairmont,F,0,0,0,0,0,0,0,1,0,1 - 6,0.143,0,0,0,0,1,6,stats#/player/716577,716577,368723,,,,,,
19,Brooke Boquist,F,0,0,0,0,0,3,0,0,0,1 - 0,1,0,0,4,1,1,0,stats#/player/543984,543984,368723,,,,,,
20,Kristen Barbara,D,0,0,0,0,0,2,0,1,0,0 - 0,0,0,0,3,1,0,0,stats#/player/542417,542417,368723,,,,,,
21,Amy Curlew,F,0,0,0,0,-2,2,0,0,0,1 - 1,0.5,0,0,2,0,1,1,stats#/player/543987,543987,368723,,,,,,
22,Natalie Marcuzzi,F,0,0,0,0,0,2,0,0,0,3 - 2,0.6,0,0,2,0,3,2,stats#/player/1020560,1020560,368723,,,,,,
23,Megan Quinn,D,0,0,0,0,-1,0,0,0,0,0 - 0,0,0,0,0,0,0,0,stats#/player/716576,716576,368723,,,,,,
24,Sarah-Eve Coutu Godbout,F,0,0,0,0,-2,1,0,0,0,1 - 0,1,0,0,2,1,1,0,stats#/player/543983,543983,368723,,,,,,
25,Emma Greco,D,0,0,0,2,0,0,0,0,0,0 - 0,0,0,0,0,0,0,0,stats#/player/542420,542420,368723,,,,,,
27,Shiann Darkangelo,F,0,0,0,0,-1,3,0,0,1,15 - 4,0.79,0,0,4,1,15,4,stats#/player/542419,542419,368723,,,,,,
44,Lindsay Eastwood,D,0,0,0,0,-1,0,1,0,0,0 - 0,0,0,0,4,4,0,0,stats#/player/630139,630139,368723,,,,,,
67,Emma Woods,F,0,0,0,0,0,5,0,0,0,0 - 0,0,0,0,6,1,0,0,stats#/player/630149,630149,368723,,,,,,
93,Julie Allen,F,0,0,0,2,0,0,1,0,0,0 - 0,0,0,0,0,0,0,0,stats#/player/716575,716575,368723,,,,,,
29,Sonjia Shelly,G,0,0,,0,,,,,,,,,,,,,,,456411,368723,60:00,40,0,40,1,stats#/player/456411
31,Tera Hofmann,G,0,0,,0,,,,,,,,,,,,,,,881597,368723,00:00,0,0,0,0,stats#/player/881597
29,Elaine Chuli,G,0,0,,0,,,,,,,,,,,,,,,542418,368723,58:27,18,2,16,0.889,stats#/player/542418
34,Samantha Ridgewell,G,0,0,,0,,,,,,,,,,,,,,,543985,368723,00:00,0,0,0,0,stats#/player/543985
