type,id,league_id,season_id,tournament_id,game_id,number,datetime,datetime_tz,time_zone,time_zone_abbr,updated_at,created_at,home_team_id,home_team,home_team_short,home_team_logo_url_full,home_team_logo_url_small,home_team_logo_url_medium,home_team_logo_url_large,home_team_logo_url_50,home_team_logo_url_100,home_team_logo_url_200,away_team_id,away_team,away_team_short,away_team_logo_url_full,away_team_logo_url_small,away_team_logo_url_medium,away_team_logo_url_large,away_team_logo_url_50,away_team_logo_url_100,away_team_logo_url_200,home_division_id,home_division,away_division_id,away_division,home_score,away_score,facility_id,facility,facility_address,rink_id,rink,game_type,notes,status,overtime,shootout,allow_players,tickets_url,watch_live_url,external_url,has_play_by_play,highlight_color,date_group,winner,PBP,team_box,player_box
game,g-420360,100,3372,,420360,,2022-01-15T14:00:00Z,2022-01-15T19:00:00Z,US/Eastern,EST,2022-01-16T03:41:16Z,2021-08-05T15:08:48Z,124985,Toronto Six,TOR,https://img.shiftstats.com/dcd7c2ef-0bf7-4a7e-a22f-e1e1a76f936c/team-logo_url-79963-toronto-1589911518181154530.png,https://img.shiftstats.com/dcd7c2ef-0bf7-4a7e-a22f-e1e1a76f936c/team-logo_url-79963-toronto-1589911518181154530-small.png,https://img.shiftstats.com/dcd7c2ef-0bf7-4a7e-a22f-e1e1a76f936c/team-logo_url-79963-toronto-1589911518181154530-medium.png,https://img.shiftstats.com/dcd7c2ef-0bf7-4a7e-a22f-e1e1a76f936c/team-logo_url-79963-toronto-1589911518181154530-large.png,https://img.shiftstats.com/dcd7c2ef-0bf7-4a7e-a22f-e1e1a76f936c/team-logo_url-79963-toronto-1589911518181154530-50.png,https://img.shiftstats.com/dcd7c2ef-0bf7-4a7e-a22f-e1e1a76f936c/team-logo_url-79963-toronto-1589911518181154530-100.png,https://img.shiftstats.com/dcd7c2ef-0bf7-4a7e-a22f-e1e1a76f936c/team-logo_url-79963-toronto-1589911518181154530-200.png,124982,Buffalo Beauts,BUF,https://img.shiftstats.com/dcd7c2ef-0bf7-4a7e-a22f-e1e1a76f936c/team-logo_url-61635-beauts-1567056106867131339.svg,https://img.shiftstats.com/dcd7c2ef-0bf7-4a7e-a22f-e1e1a76f936c/team-logo_url-61635-beauts-1567056106867131339-small.svg,https://img.shiftstats.com/dcd7c2ef-0bf7-4a7e-a22f-e1e1a76f936c/team-logo_url-61635-beauts-1567056106867131339-medium.svg,https://img.shiftstats.com/dcd7c2ef-0bf7-4a7e-a22f-e1e1a76f936c/team-logo_url-61635-beauts-1567056106867131339-large.svg,https://img.shiftstats.com/dcd7c2ef-0bf7-4a7e-a22f-e1e1a76f936c/team-logo_url-61635-beauts-1567056106867131339-50.svg,https://img.shiftstats.com/dcd7c2ef-0bf7-4a7e-a22f-e1e1a76f936c/team-logo_url-61635-beauts-1567056106867131339-100.svg,https://img.shiftstats.com/dcd7c2ef-0bf7-4a7e-a22f-e1e1a76f936c/team-logo_url-61635-beauts-1567056106867131339-200.svg,13893,PHF,13893,PHF,6,1,4722,York Canlan Ice Arena,"",,,Regular Season,"",Final,FALSE,FALSE,TRUE,"",https://www.twitch.tv/thephf,,TRUE,,2022-01-15,Toronto Six,TRUE,TRUE,TRUE
game,g-420402,100,3372,,420402,,2022-01-15T13:00:00Z,2022-01-15T18:00:00Z,US/Eastern,EST,2022-01-15T21:48:51Z,2021-08-05T16:27:58Z,124986,Connecticut Whale,CTW,https://img.shiftstats.com/dcd7c2ef-0bf7-4a7e-a22f-e1e1a76f936c/team-logo_url-61637-whale-1567196140816492837.svg,https://img.shiftstats.com/dcd7c2ef-0bf7-4a7e-a22f-e1e1a76f936c/team-logo_url-61637-whale-1567196140816492837-small.svg,https://img.shiftstats.com/dcd7c2ef-0bf7-4a7e-a22f-e1e1a76f936c/team-logo_url-61637-whale-1567196140816492837-medium.svg,https://img.shiftstats.com/dcd7c2ef-0bf7-4a7e-a22f-e1e1a76f936c/team-logo_url-61637-whale-1567196140816492837-large.svg,https://img.shiftstats.com/dcd7c2ef-0bf7-4a7e-a22f-e1e1a76f936c/team-logo_url-61637-whale-1567196140816492837-50.svg,https://img.shiftstats.com/dcd7c2ef-0bf7-4a7e-a22f-e1e1a76f936c/team-logo_url-61637-whale-1567196140816492837-100.svg,https://img.shiftstats.com/dcd7c2ef-0bf7-4a7e-a22f-e1e1a76f936c/team-logo_url-61637-whale-1567196140816492837-200.svg,124984,Metropolitan Riveters,MET,https://img.shiftstats.com/dcd7c2ef-0bf7-4a7e-a22f-e1e1a76f936c/team-logo_url-124984-riveters-1628050025904035438.png,https://img.shiftstats.com/dcd7c2ef-0bf7-4a7e-a22f-e1e1a76f936c/team-logo_url-124984-riveters-1628050025904035438-small.png,https://img.shiftstats.com/dcd7c2ef-0bf7-4a7e-a22f-e1e1a76f936c/team-logo_url-124984-riveters-1628050025904035438-medium.png,https://img.shiftstats.com/dcd7c2ef-0bf7-4a7e-a22f-e1e1a76f936c/team-logo_url-124984-riveters-1628050025904035438-large.png,https://img.shiftstats.com/dcd7c2ef-0bf7-4a7e-a22f-e1e1a76f936c/team-logo_url-124984-riveters-1628050025904035438-50.png,https://img.shiftstats.com/dcd7c2ef-0bf7-4a7e-a22f-e1e1a76f936c/team-logo_url-124984-riveters-1628050025904035438-100.png,https://img.shiftstats.com/dcd7c2ef-0bf7-4a7e-a22f-e1e1a76f936c/team-logo_url-124984-riveters-1628050025904035438-200.png,13893,PHF,13893,PHF,5,1,2944,Danbury Ice Arena,1%20Independence%20Way%2C%20Danbury%2C%20CT%2C%20US%2C%2006810,,,Regular Season,"",Final,FALSE,FALSE,TRUE,https://whale.universitytickets.com/,https://www.twitch.tv/thephf,,TRUE,,2022-01-15,Connecticut Whale,TRUE,TRUE,TRUE
game,g-420358,100,3372,,420358,,2021-12-19T13:00:00Z,2021-12-19T18:00:00Z,US/Eastern,EST,2021-12-24T03:22:38Z,2021-08-05T15:08:45Z,124982,Buffalo Beauts,BUF,https://img.shiftstats.com/dcd7c2ef-0bf7-4a7e-a22f-e1e1a76f936c/team-logo_url-61635-beauts-1567056106867131339.svg,https://img.shiftstats.com/dcd7c2ef-0bf7-4a7e-a22f-e1e1a76f936c/team-logo_url-61635-beauts-1567056106867131339-small.svg,https://img.shiftstats.com/dcd7c2ef-0bf7-4a7e-a22f-e1e1a76f936c/team-logo_url-61635-beauts-1567056106867131339-medium.svg,https://img.shiftstats.com/dcd7c2ef-0bf7-4a7e-a22f-e1e1a76f936c/team-logo_url-61635-beauts-1567056106867131339-large.svg,https://img.shiftstats.com/dcd7c2ef-0bf7-4a7e-a22f-e1e1a76f936c/team-logo_url-61635-beauts-1567056106867131339-50.svg,https://img.shiftstats.com/dcd7c2ef-0bf7-4a7e-a22f-e1e1a76f936c/team-logo_url-61635-beauts-1567056106867131339-100.svg,https://img.shiftstats.com/dcd7c2ef-0bf7-4a7e-a22f-e1e1a76f936c/team-logo_url-61635-beauts-1567056106867131339-200.svg,124986,Connecticut Whale,CTW,https://img.shiftstats.com/dcd7c2ef-0bf7-4a7e-a22f-e1e1a76f936c/team-logo_url-61637-whale-1567196140816492837.svg,https://img.shiftstats.com/dcd7c2ef-0bf7-4a7e-a22f-e1e1a76f936c/team-logo_url-61637-whale-1567196140816492837-small.svg,https://img.shiftstats.com/dcd7c2ef-0bf7-4a7e-a22f-e1e1a76f936c/team-logo_url-61637-whale-1567196140816492837-medium.svg,https://img.shiftstats.com/dcd7c2ef-0bf7-4a7e-a22f-e1e1a76f936c/team-logo_url-61637-whale-1567196140816492837-large.svg,https://img.shiftstats.com/dcd7c2ef-0bf7-4a7e-a22f-e1e1a76f936c/team-logo_url-61637-whale-1567196140816492837-50.svg,https://img.shiftstats.com/dcd7c2ef-0bf7-4a7e-a22f-e1e1a76f936c/team-logo_url-61637-whale-1567196140816492837-100.svg,https://img.shiftstats.com/dcd7c2ef-0bf7-4a7e-a22f-e1e1a76f936c/team-logo_url-61637-whale-1567196140816492837-200.svg,13893,PHF,13893,PHF,1,3,2945,Northtown Center,1615%20Amherst%20Manor%20Dr%2C%20Williamsville%2C%20NY%2C%20US%2C%2014221,,,Regular Season,"",Final,FALSE,FALSE,TRUE,https://beauts.universitytickets.com/,https://www.twitch.tv/thephf,,TRUE,,2021-12-19,Connecticut Whale,TRUE,TRUE,TRUE
game,g-420354,100,3372,,420354,,2021-12-19T12:00:00Z,2021-12-19T17:00:00Z,US/Eastern,EST,2021-12-24T03:25:29Z,2021-08-05T15:08:45Z,124987,Minnesota Whitecaps,MIN,https://img.shiftstats.com/dcd7c2ef-0bf7-4a7e-a22f-e1e1a76f936c/team-logo_url-61639-whitecaps-1566720935245349011.svg,https://img.shiftstats.com/dcd7c2ef-0bf7-4a7e-a22f-e1e1a76f936c/team-logo_url-61639-whitecaps-1566720935245349011-small.svg,https://img.shiftstats.com/dcd7c2ef-0bf7-4a7e-a22f-e1e1a76f936c/team-logo_url-61639-whitecaps-1566720935245349011-medium.svg,https://img.shiftstats.com/dcd7c2ef-0bf7-4a7e-a22f-e1e1a76f936c/team-logo_url-61639-whitecaps-1566720935245349011-large.svg,https://img.shiftstats.com/dcd7c2ef-0bf7-4a7e-a22f-e1e1a76f936c/team-logo_url-61639-whitecaps-1566720935245349011-50.svg,https://img.shiftstats.com/dcd7c2ef-0bf7-4a7e-a22f-e1e1a76f936c/team-logo_url-61639-whitecaps-1566720935245349011-100.svg,https://img.shiftstats.com/dcd7c2ef-0bf7-4a7e-a22f-e1e1a76f936c/team-logo_url-61639-whitecaps-1566720935245349011-200.svg,124985,Toronto Six,TOR,https://img.shiftstats.com/dcd7c2ef-0bf7-4a7e-a22f-e1e1a76f936c/team-logo_url-79963-toronto-1589911518181154530.png,https://img.shiftstats.com/dcd7c2ef-0bf7-4a7e-a22f-e1e1a76f936c/team-logo_url-79963-toronto-1589911518181154530-small.png,https://img.shiftstats.com/dcd7c2ef-0bf7-4a7e-a22f-e1e1a76f936c/team-logo_url-79963-toronto-1589911518181154530-medium.png,https://img.shiftstats.com/dcd7c2ef-0bf7-4a7e-a22f-e1e1a76f936c/team-logo_url-79963-toronto-1589911518181154530-large.png,https://img.shiftstats.com/dcd7c2ef-0bf7-4a7e-a22f-e1e1a76f936c/team-logo_url-79963-toronto-1589911518181154530-50.png,https://img.shiftstats.com/dcd7c2ef-0bf7-4a7e-a22f-e1e1a76f936c/team-logo_url-79963-toronto-1589911518181154530-100.png,https://img.shiftstats.com/dcd7c2ef-0bf7-4a7e-a22f-e1e1a76f936c/team-logo_url-79963-toronto-1589911518181154530-200.png,13893,PHF,13893,PHF,1,2,5231,Roseville Ice Arena,2661%20Civic%20Center%20Dr%2C%20MN%2C%20US,,,Regular Season,"Last updated 23 Dec 2021. All stats official. Sarma Ozmen, Linesperson.",Final,FALSE,FALSE,TRUE,https://whitecaps.universitytickets.com/,https://www.twitch.tv/thephf,,TRUE,,2021-12-19,Toronto Six,TRUE,TRUE,TRUE
game,g-420352,100,3372,,420352,,2021-12-18T19:00:00Z,2021-12-19T00:00:00Z,US/Eastern,EST,2021-12-23T04:24:01Z,2021-08-05T15:05:06Z,124982,Buffalo Beauts,BUF,https://img.shiftstats.com/dcd7c2ef-0bf7-4a7e-a22f-e1e1a76f936c/team-logo_url-61635-beauts-1567056106867131339.svg,https://img.shiftstats.com/dcd7c2ef-0bf7-4a7e-a22f-e1e1a76f936c/team-logo_url-61635-beauts-1567056106867131339-small.svg,https://img.shiftstats.com/dcd7c2ef-0bf7-4a7e-a22f-e1e1a76f936c/team-logo_url-61635-beauts-1567056106867131339-medium.svg,https://img.shiftstats.com/dcd7c2ef-0bf7-4a7e-a22f-e1e1a76f936c/team-logo_url-61635-beauts-1567056106867131339-large.svg,https://img.shiftstats.com/dcd7c2ef-0bf7-4a7e-a22f-e1e1a76f936c/team-logo_url-61635-beauts-1567056106867131339-50.svg,https://img.shiftstats.com/dcd7c2ef-0bf7-4a7e-a22f-e1e1a76f936c/team-logo_url-61635-beauts-1567056106867131339-100.svg,https://img.shiftstats.com/dcd7c2ef-0bf7-4a7e-a22f-e1e1a76f936c/team-logo_url-61635-beauts-1567056106867131339-200.svg,124986,Connecticut Whale,CTW,https://img.shiftstats.com/dcd7c2ef-0bf7-4a7e-a22f-e1e1a76f936c/team-logo_url-61637-whale-1567196140816492837.svg,https://img.shiftstats.com/dcd7c2ef-0bf7-4a7e-a22f-e1e1a76f936c/team-logo_url-61637-whale-1567196140816492837-small.svg,https://img.shiftstats.com/dcd7c2ef-0bf7-4a7e-a22f-e1e1a76f936c/team-logo_url-61637-whale-1567196140816492837-medium.svg,https://img.shiftstats.com/dcd7c2ef-0bf7-4a7e-a22f-e1e1a76f936c/team-logo_url-61637-whale-1567196140816492837-large.svg,https://img.shiftstats.com/dcd7c2ef-0bf7-4a7e-a22f-e1e1a76f936c/team-logo_url-61637-whale-1567196140816492837-50.svg,https://img.shiftstats.com/dcd7c2ef-0bf7-4a7e-a22f-e1e1a76f936c/team-logo_url-61637-whale-1567196140816492837-100.svg,https://img.shiftstats.com/dcd7c2ef-0bf7-4a7e-a22f-e1e1a76f936c/team-logo_url-61637-whale-1567196140816492837-200.svg,13893,PHF,13893,PHF,1,3,2945,Northtown Center,1615%20Amherst%20Manor%20Dr%2C%20Williamsville%2C%20NY%2C%20US%2C%2014221,,,Regular Season,"",Final,FALSE,FALSE,TRUE,https://beauts.universitytickets.com/,https://www.twitch.tv/thephf,,TRUE,,2021-12-18,Connecticut Whale,TRUE,TRUE,TRUE
game,g-420351,100,3372,,420351,,2021-12-18T19:00:00Z,2021-12-19T01:00:00Z,US/Central,CST,2021-12-24T03:58:23Z,2021-08-05T15:05:06Z,124987,Minnesota Whitecaps,MIN,https://img.shiftstats.com/dcd7c2ef-0bf7-4a7e-a22f-e1e1a76f936c/team-logo_url-61639-whitecaps-1566720935245349011.svg,https://img.shiftstats.com/dcd7c2ef-0bf7-4a7e-a22f-e1e1a76f936c/team-logo_url-61639-whitecaps-1566720935245349011-small.svg,https://img.shiftstats.com/dcd7c2ef-0bf7-4a7e-a22f-e1e1a76f936c/team-logo_url-61639-whitecaps-1566720935245349011-medium.svg,https://img.shiftstats.com/dcd7c2ef-0bf7-4a7e-a22f-e1e1a76f936c/team-logo_url-61639-whitecaps-1566720935245349011-large.svg,https://img.shiftstats.com/dcd7c2ef-0bf7-4a7e-a22f-e1e1a76f936c/team-logo_url-61639-whitecaps-1566720935245349011-50.svg,https://img.shiftstats.com/dcd7c2ef-0bf7-4a7e-a22f-e1e1a76f936c/team-logo_url-61639-whitecaps-1566720935245349011-100.svg,https://img.shiftstats.com/dcd7c2ef-0bf7-4a7e-a22f-e1e1a76f936c/team-logo_url-61639-whitecaps-1566720935245349011-200.svg,124985,Toronto Six,TOR,https://img.shiftstats.com/dcd7c2ef-0bf7-4a7e-a22f-e1e1a76f936c/team-logo_url-79963-toronto-1589911518181154530.png,https://img.shiftstats.com/dcd7c2ef-0bf7-4a7e-a22f-e1e1a76f936c/team-logo_url-79963-toronto-1589911518181154530-small.png,https://img.shiftstats.com/dcd7c2ef-0bf7-4a7e-a22f-e1e1a76f936c/team-logo_url-79963-toronto-1589911518181154530-medium.png,https://img.shiftstats.com/dcd7c2ef-0bf7-4a7e-a22f-e1e1a76f936c/team-logo_url-79963-toronto-1589911518181154530-large.png,https://img.shiftstats.com/dcd7c2ef-0bf7-4a7e-a22f-e1e1a76f936c/team-logo_url-79963-toronto-1589911518181154530-50.png,https://img.shiftstats.com/dcd7c2ef-0bf7-4a7e-a22f-e1e1a76f936c/team-logo_url-79963-toronto-1589911518181154530-100.png,https://img.shiftstats.com/dcd7c2ef-0bf7-4a7e-a22f-e1e1a76f936c/team-logo_url-79963-toronto-1589911518181154530-200.png,13893,PHF,13893,PHF,0,4,2948,Tria Rink,400%20Wabasha%20St%20N%2C%20St%20Paul%2C%20MN%2C%20US%2C%2055101,,,Regular Season,Last updated 21 Dec 2021. Turnovers unofficial.,Final,FALSE,FALSE,TRUE,https://whitecaps.universitytickets.com/,https://www.twitch.tv/thephf,,TRUE,,2021-12-18,Toronto Six,TRUE,TRUE,TRUE
game,g-420398,100,3372,,420398,,2021-12-12T14:00:00Z,2021-12-12T19:00:00Z,US/Eastern,EST,2022-01-03T22:46:05Z,2021-08-05T16:27:52Z,124985,Toronto Six,TOR,https://img.shiftstats.com/dcd7c2ef-0bf7-4a7e-a22f-e1e1a76f936c/team-logo_url-79963-toronto-1589911518181154530.png,https://img.shiftstats.com/dcd7c2ef-0bf7-4a7e-a22f-e1e1a76f936c/team-logo_url-79963-toronto-1589911518181154530-small.png,https://img.shiftstats.com/dcd7c2ef-0bf7-4a7e-a22f-e1e1a76f936c/team-logo_url-79963-toronto-1589911518181154530-medium.png,https://img.shiftstats.com/dcd7c2ef-0bf7-4a7e-a22f-e1e1a76f936c/team-logo_url-79963-toronto-1589911518181154530-large.png,https://img.shiftstats.com/dcd7c2ef-0bf7-4a7e-a22f-e1e1a76f936c/team-logo_url-79963-toronto-1589911518181154530-50.png,https://img.shiftstats.com/dcd7c2ef-0bf7-4a7e-a22f-e1e1a76f936c/team-logo_url-79963-toronto-1589911518181154530-100.png,https://img.shiftstats.com/dcd7c2ef-0bf7-4a7e-a22f-e1e1a76f936c/team-logo_url-79963-toronto-1589911518181154530-200.png,124984,Metropolitan Riveters,MET,https://img.shiftstats.com/dcd7c2ef-0bf7-4a7e-a22f-e1e1a76f936c/team-logo_url-124984-riveters-1628050025904035438.png,https://img.shiftstats.com/dcd7c2ef-0bf7-4a7e-a22f-e1e1a76f936c/team-logo_url-124984-riveters-1628050025904035438-small.png,https://img.shiftstats.com/dcd7c2ef-0bf7-4a7e-a22f-e1e1a76f936c/team-logo_url-124984-riveters-1628050025904035438-medium.png,https://img.shiftstats.com/dcd7c2ef-0bf7-4a7e-a22f-e1e1a76f936c/team-logo_url-124984-riveters-1628050025904035438-large.png,https://img.shiftstats.com/dcd7c2ef-0bf7-4a7e-a22f-e1e1a76f936c/team-logo_url-124984-riveters-1628050025904035438-50.png,https://img.shiftstats.com/dcd7c2ef-0bf7-4a7e-a22f-e1e1a76f936c/team-logo_url-124984-riveters-1628050025904035438-100.png,https://img.shiftstats.com/dcd7c2ef-0bf7-4a7e-a22f-e1e1a76f936c/team-logo_url-124984-riveters-1628050025904035438-200.png,13893,PHF,13893,PHF,3,0,4722,York Canlan Ice Arena,"",,,Regular Season,"",Final,FALSE,FALSE,TRUE,"",https://www.twitch.tv/thephf,,TRUE,,2021-12-12,Toronto Six,TRUE,TRUE,TRUE
game,g-420348,100,3372,,420348,,2021-12-11T14:00:00Z,2021-12-11T19:00:00Z,US/Eastern,EST,2021-12-12T21:14:39Z,2021-08-05T15:05:02Z,124985,Toronto Six,TOR,https://img.shiftstats.com/dcd7c2ef-0bf7-4a7e-a22f-e1e1a76f936c/team-logo_url-79963-toronto-1589911518181154530.png,https://img.shiftstats.com/dcd7c2ef-0bf7-4a7e-a22f-e1e1a76f936c/team-logo_url-79963-toronto-1589911518181154530-small.png,https://img.shiftstats.com/dcd7c2ef-0bf7-4a7e-a22f-e1e1a76f936c/team-logo_url-79963-toronto-1589911518181154530-medium.png,https://img.shiftstats.com/dcd7c2ef-0bf7-4a7e-a22f-e1e1a76f936c/team-logo_url-79963-toronto-1589911518181154530-large.png,https://img.shiftstats.com/dcd7c2ef-0bf7-4a7e-a22f-e1e1a76f936c/team-logo_url-79963-toronto-1589911518181154530-50.png,https://img.shiftstats.com/dcd7c2ef-0bf7-4a7e-a22f-e1e1a76f936c/team-logo_url-79963-toronto-1589911518181154530-100.png,https://img.shiftstats.com/dcd7c2ef-0bf7-4a7e-a22f-e1e1a76f936c/team-logo_url-79963-toronto-1589911518181154530-200.png,124984,Metropolitan Riveters,MET,https://img.shiftstats.com/dcd7c2ef-0bf7-4a7e-a22f-e1e1a76f936c/team-logo_url-124984-riveters-1628050025904035438.png,https://img.shiftstats.com/dcd7c2ef-0bf7-4a7e-a22f-e1e1a76f936c/team-logo_url-124984-riveters-1628050025904035438-small.png,https://img.shiftstats.com/dcd7c2ef-0bf7-4a7e-a22f-e1e1a76f936c/team-logo_url-124984-riveters-1628050025904035438-medium.png,https://img.shiftstats.com/dcd7c2ef-0bf7-4a7e-a22f-e1e1a76f936c/team-logo_url-124984-riveters-1628050025904035438-large.png,https://img.shiftstats.com/dcd7c2ef-0bf7-4a7e-a22f-e1e1a76f936c/team-logo_url-124984-riveters-1628050025904035438-50.png,https://img.shiftstats.com/dcd7c2ef-0bf7-4a7e-a22f-e1e1a76f936c/team-logo_url-124984-riveters-1628050025904035438-100.png,https://img.shiftstats.com/dcd7c2ef-0bf7-4a7e-a22f-e1e1a76f936c/team-logo_url-124984-riveters-1628050025904035438-200.png,13893,PHF,13893,PHF,2,1,4722,York Canlan Ice Arena,"",,,Regular Season,"",Final,FALSE,FALSE,TRUE,"",https://www.twitch.tv/thephf,,TRUE,,2021-12-11,Toronto Six,TRUE,TRUE,TRUE
game,g-420349,100,3372,,420349,,2021-12-05T13:00:00Z,2021-12-05T18:00:00Z,US/Eastern,EST,2021-12-06T14:33:29Z,2021-08-05T15:05:02Z,124983,Boston Pride,BOS,https://img.shiftstats.com/dcd7c2ef-0bf7-4a7e-a22f-e1e1a76f936c/team-logo_url-61638-pride-1566720849090260505.svg,https://img.shiftstats.com/dcd7c2ef-0bf7-4a7e-a22f-e1e1a76f936c/team-logo_url-61638-pride-1566720849090260505-small.svg,https://img.shiftstats.com/dcd7c2ef-0bf7-4a7e-a22f-e1e1a76f936c/team-logo_url-61638-pride-1566720849090260505-medium.svg,https://img.shiftstats.com/dcd7c2ef-0bf7-4a7e-a22f-e1e1a76f936c/team-logo_url-61638-pride-1566720849090260505-large.svg,https://img.shiftstats.com/dcd7c2ef-0bf7-4a7e-a22f-e1e1a76f936c/team-logo_url-61638-pride-1566720849090260505-50.svg,https://img.shiftstats.com/dcd7c2ef-0bf7-4a7e-a22f-e1e1a76f936c/team-logo_url-61638-pride-1566720849090260505-100.svg,https://img.shiftstats.com/dcd7c2ef-0bf7-4a7e-a22f-e1e1a76f936c/team-logo_url-61638-pride-1566720849090260505-200.svg,124985,Toronto Six,TOR,https://img.shiftstats.com/dcd7c2ef-0bf7-4a7e-a22f-e1e1a76f936c/team-logo_url-79963-toronto-1589911518181154530.png,https://img.shiftstats.com/dcd7c2ef-0bf7-4a7e-a22f-e1e1a76f936c/team-logo_url-79963-toronto-1589911518181154530-small.png,https://img.shiftstats.com/dcd7c2ef-0bf7-4a7e-a22f-e1e1a76f936c/team-logo_url-79963-toronto-1589911518181154530-medium.png,https://img.shiftstats.com/dcd7c2ef-0bf7-4a7e-a22f-e1e1a76f936c/team-logo_url-79963-toronto-1589911518181154530-large.png,https://img.shiftstats.com/dcd7c2ef-0bf7-4a7e-a22f-e1e1a76f936c/team-logo_url-79963-toronto-1589911518181154530-50.png,https://img.shiftstats.com/dcd7c2ef-0bf7-4a7e-a22f-e1e1a76f936c/team-logo_url-79963-toronto-1589911518181154530-100.png,https://img.shiftstats.com/dcd7c2ef-0bf7-4a7e-a22f-e1e1a76f936c/team-logo_url-79963-toronto-1589911518181154530-200.png,13893,PHF,13893,PHF,8,2,2949,Warrior Ice Arena,90%20Guest%20St%2C%20Boston%2C%20MA%2C%20US%2C%2002135,,,Regular Season,"",Final,FALSE,FALSE,TRUE,http://pride.universitytickets.com/,https://www.twitch.tv/thephf,,TRUE,,2021-12-05,Boston Pride,TRUE,TRUE,TRUE
game,g-420345,100,3372,,420345,,2021-12-05T13:00:00Z,2021-12-05T18:00:00Z,US/Eastern,EST,2021-12-06T03:42:52Z,2021-08-05T15:05:02Z,124986,Connecticut Whale,CTW,https://img.shiftstats.com/dcd7c2ef-0bf7-4a7e-a22f-e1e1a76f936c/team-logo_url-61637-whale-1567196140816492837.svg,https://img.shiftstats.com/dcd7c2ef-0bf7-4a7e-a22f-e1e1a76f936c/team-logo_url-61637-whale-1567196140816492837-small.svg,https://img.shiftstats.com/dcd7c2ef-0bf7-4a7e-a22f-e1e1a76f936c/team-logo_url-61637-whale-1567196140816492837-medium.svg,https://img.shiftstats.com/dcd7c2ef-0bf7-4a7e-a22f-e1e1a76f936c/team-logo_url-61637-whale-1567196140816492837-large.svg,https://img.shiftstats.com/dcd7c2ef-0bf7-4a7e-a22f-e1e1a76f936c/team-logo_url-61637-whale-1567196140816492837-50.svg,https://img.shiftstats.com/dcd7c2ef-0bf7-4a7e-a22f-e1e1a76f936c/team-logo_url-61637-whale-1567196140816492837-100.svg,https://img.shiftstats.com/dcd7c2ef-0bf7-4a7e-a22f-e1e1a76f936c/team-logo_url-61637-whale-1567196140816492837-200.svg,124987,Minnesota Whitecaps,MIN,https://img.shiftstats.com/dcd7c2ef-0bf7-4a7e-a22f-e1e1a76f936c/team-logo_url-61639-whitecaps-1566720935245349011.svg,https://img.shiftstats.com/dcd7c2ef-0bf7-4a7e-a22f-e1e1a76f936c/team-logo_url-61639-whitecaps-1566720935245349011-small.svg,https://img.shiftstats.com/dcd7c2ef-0bf7-4a7e-a22f-e1e1a76f936c/team-logo_url-61639-whitecaps-1566720935245349011-medium.svg,https://img.shiftstats.com/dcd7c2ef-0bf7-4a7e-a22f-e1e1a76f936c/team-logo_url-61639-whitecaps-1566720935245349011-large.svg,https://img.shiftstats.com/dcd7c2ef-0bf7-4a7e-a22f-e1e1a76f936c/team-logo_url-61639-whitecaps-1566720935245349011-50.svg,https://img.shiftstats.com/dcd7c2ef-0bf7-4a7e-a22f-e1e1a76f936c/team-logo_url-61639-whitecaps-1566720935245349011-100.svg,https://img.shiftstats.com/dcd7c2ef-0bf7-4a7e-a22f-e1e1a76f936c/team-logo_url-61639-whitecaps-1566720935245349011-200.svg,13893,PHF,13893,PHF,4,2,2944,Danbury Ice Arena,1%20Independence%20Way%2C%20Danbury%2C%20CT%2C%20US%2C%2006810,,,Regular Season,"",Final,FALSE,FALSE,TRUE,https://whale.universitytickets.com/,https://www.twitch.tv/thephf,,TRUE,,2021-12-05,Connecticut Whale,TRUE,TRUE,TRUE
game,g-420344,100,3372,,420344,,2021-12-04T19:00:00Z,2021-12-05T00:00:00Z,US/Eastern,EST,2021-12-05T21:59:35Z,2021-08-05T15:00:10Z,124983,Boston Pride,BOS,https://img.shiftstats.com/dcd7c2ef-0bf7-4a7e-a22f-e1e1a76f936c/team-logo_url-61638-pride-1566720849090260505.svg,https://img.shiftstats.com/dcd7c2ef-0bf7-4a7e-a22f-e1e1a76f936c/team-logo_url-61638-pride-1566720849090260505-small.svg,https://img.shiftstats.com/dcd7c2ef-0bf7-4a7e-a22f-e1e1a76f936c/team-logo_url-61638-pride-1566720849090260505-medium.svg,https://img.shiftstats.com/dcd7c2ef-0bf7-4a7e-a22f-e1e1a76f936c/team-logo_url-61638-pride-1566720849090260505-large.svg,https://img.shiftstats.com/dcd7c2ef-0bf7-4a7e-a22f-e1e1a76f936c/team-logo_url-61638-pride-1566720849090260505-50.svg,https://img.shiftstats.com/dcd7c2ef-0bf7-4a7e-a22f-e1e1a76f936c/team-logo_url-61638-pride-1566720849090260505-100.svg,https://img.shiftstats.com/dcd7c2ef-0bf7-4a7e-a22f-e1e1a76f936c/team-logo_url-61638-pride-1566720849090260505-200.svg,124985,Toronto Six,TOR,https://img.shiftstats.com/dcd7c2ef-0bf7-4a7e-a22f-e1e1a76f936c/team-logo_url-79963-toronto-1589911518181154530.png,https://img.shiftstats.com/dcd7c2ef-0bf7-4a7e-a22f-e1e1a76f936c/team-logo_url-79963-toronto-1589911518181154530-small.png,https://img.shiftstats.com/dcd7c2ef-0bf7-4a7e-a22f-e1e1a76f936c/team-logo_url-79963-toronto-1589911518181154530-medium.png,https://img.shiftstats.com/dcd7c2ef-0bf7-4a7e-a22f-e1e1a76f936c/team-logo_url-79963-toronto-1589911518181154530-large.png,https://img.shiftstats.com/dcd7c2ef-0bf7-4a7e-a22f-e1e1a76f936c/team-logo_url-79963-toronto-1589911518181154530-50.png,https://img.shiftstats.com/dcd7c2ef-0bf7-4a7e-a22f-e1e1a76f936c/team-logo_url-79963-toronto-1589911518181154530-100.png,https://img.shiftstats.com/dcd7c2ef-0bf7-4a7e-a22f-e1e1a76f936c/team-logo_url-79963-toronto-1589911518181154530-200.png,13893,PHF,13893,PHF,2,1,2949,Warrior Ice Arena,90%20Guest%20St%2C%20Boston%2C%20MA%2C%20US%2C%2002135,,,Regular Season,"",Final,TRUE,TRUE,TRUE,http://pride.universitytickets.com/,https://www.twitch.tv/thephf,,TRUE,,2021-12-04,Boston Pride,TRUE,TRUE,TRUE
game,g-420343,100,3372,,420343,,2021-12-04T15:00:00Z,2021-12-04T20:00:00Z,US/Eastern,EST,2021-12-05T21:50:49Z,2021-08-05T15:00:10Z,124986,Connecticut Whale,CTW,https://img.shiftstats.com/dcd7c2ef-0bf7-4a7e-a22f-e1e1a76f936c/team-logo_url-61637-whale-1567196140816492837.svg,https://img.shiftstats.com/dcd7c2ef-0bf7-4a7e-a22f-e1e1a76f936c/team-logo_url-61637-whale-1567196140816492837-small.svg,https://img.shiftstats.com/dcd7c2ef-0bf7-4a7e-a22f-e1e1a76f936c/team-logo_url-61637-whale-1567196140816492837-medium.svg,https://img.shiftstats.com/dcd7c2ef-0bf7-4a7e-a22f-e1e1a76f936c/team-logo_url-61637-whale-1567196140816492837-large.svg,https://img.shiftstats.com/dcd7c2ef-0bf7-4a7e-a22f-e1e1a76f936c/team-logo_url-61637-whale-1567196140816492837-50.svg,https://img.shiftstats.com/dcd7c2ef-0bf7-4a7e-a22f-e1e1a76f936c/team-logo_url-61637-whale-1567196140816492837-100.svg,https://img.shiftstats.com/dcd7c2ef-0bf7-4a7e-a22f-e1e1a76f936c/team-logo_url-61637-whale-1567196140816492837-200.svg,124987,Minnesota Whitecaps,MIN,https://img.shiftstats.com/dcd7c2ef-0bf7-4a7e-a22f-e1e1a76f936c/team-logo_url-61639-whitecaps-1566720935245349011.svg,https://img.shiftstats.com/dcd7c2ef-0bf7-4a7e-a22f-e1e1a76f936c/team-logo_url-61639-whitecaps-1566720935245349011-small.svg,https://img.shiftstats.com/dcd7c2ef-0bf7-4a7e-a22f-e1e1a76f936c/team-logo_url-61639-whitecaps-1566720935245349011-medium.svg,https://img.shiftstats.com/dcd7c2ef-0bf7-4a7e-a22f-e1e1a76f936c/team-logo_url-61639-whitecaps-1566720935245349011-large.svg,https://img.shiftstats.com/dcd7c2ef-0bf7-4a7e-a22f-e1e1a76f936c/team-logo_url-61639-whitecaps-1566720935245349011-50.svg,https://img.shiftstats.com/dcd7c2ef-0bf7-4a7e-a22f-e1e1a76f936c/team-logo_url-61639-whitecaps-1566720935245349011-100.svg,https://img.shiftstats.com/dcd7c2ef-0bf7-4a7e-a22f-e1e1a76f936c/team-logo_url-61639-whitecaps-1566720935245349011-200.svg,13893,PHF,13893,PHF,5,1,2944,Danbury Ice Arena,1%20Independence%20Way%2C%20Danbury%2C%20CT%2C%20US%2C%2006810,,,Regular Season,"",Final,FALSE,FALSE,TRUE,https://whale.universitytickets.com/,https://www.twitch.tv/thephf,,TRUE,,2021-12-04,Connecticut Whale,TRUE,TRUE,TRUE
game,g-420341,100,3372,,420341,,2021-11-21T16:00:00Z,2021-11-21T21:00:00Z,US/Eastern,EST,2022-01-04T03:55:23Z,2021-08-05T15:00:07Z,124984,Metropolitan Riveters,MET,https://img.shiftstats.com/dcd7c2ef-0bf7-4a7e-a22f-e1e1a76f936c/team-logo_url-124984-riveters-1628050025904035438.png,https://img.shiftstats.com/dcd7c2ef-0bf7-4a7e-a22f-e1e1a76f936c/team-logo_url-124984-riveters-1628050025904035438-small.png,https://img.shiftstats.com/dcd7c2ef-0bf7-4a7e-a22f-e1e1a76f936c/team-logo_url-124984-riveters-1628050025904035438-medium.png,https://img.shiftstats.com/dcd7c2ef-0bf7-4a7e-a22f-e1e1a76f936c/team-logo_url-124984-riveters-1628050025904035438-large.png,https://img.shiftstats.com/dcd7c2ef-0bf7-4a7e-a22f-e1e1a76f936c/team-logo_url-124984-riveters-1628050025904035438-50.png,https://img.shiftstats.com/dcd7c2ef-0bf7-4a7e-a22f-e1e1a76f936c/team-logo_url-124984-riveters-1628050025904035438-100.png,https://img.shiftstats.com/dcd7c2ef-0bf7-4a7e-a22f-e1e1a76f936c/team-logo_url-124984-riveters-1628050025904035438-200.png,124982,Buffalo Beauts,BUF,https://img.shiftstats.com/dcd7c2ef-0bf7-4a7e-a22f-e1e1a76f936c/team-logo_url-61635-beauts-1567056106867131339.svg,https://img.shiftstats.com/dcd7c2ef-0bf7-4a7e-a22f-e1e1a76f936c/team-logo_url-61635-beauts-1567056106867131339-small.svg,https://img.shiftstats.com/dcd7c2ef-0bf7-4a7e-a22f-e1e1a76f936c/team-logo_url-61635-beauts-1567056106867131339-medium.svg,https://img.shiftstats.com/dcd7c2ef-0bf7-4a7e-a22f-e1e1a76f936c/team-logo_url-61635-beauts-1567056106867131339-large.svg,https://img.shiftstats.com/dcd7c2ef-0bf7-4a7e-a22f-e1e1a76f936c/team-logo_url-61635-beauts-1567056106867131339-50.svg,https://img.shiftstats.com/dcd7c2ef-0bf7-4a7e-a22f-e1e1a76f936c/team-logo_url-61635-beauts-1567056106867131339-100.svg,https://img.shiftstats.com/dcd7c2ef-0bf7-4a7e-a22f-e1e1a76f936c/team-logo_url-61635-beauts-1567056106867131339-200.svg,13893,PHF,13893,PHF,5,3,469,Prudential Center Practice Facility,Newark%2C%20NJ,,,Regular Season,"",Final,FALSE,FALSE,TRUE,https://riveters.universitytickets.com/,https://www.twitch.tv/thephf,,TRUE,,2021-11-21,Metropolitan Riveters,TRUE,TRUE,TRUE
game,g-420335,100,3372,,420335,,2021-11-21T14:00:00Z,2021-11-21T19:00:00Z,US/Eastern,EST,2021-11-23T01:02:25Z,2021-08-05T15:00:04Z,124985,Toronto Six,TOR,https://img.shiftstats.com/dcd7c2ef-0bf7-4a7e-a22f-e1e1a76f936c/team-logo_url-79963-toronto-1589911518181154530.png,https://img.shiftstats.com/dcd7c2ef-0bf7-4a7e-a22f-e1e1a76f936c/team-logo_url-79963-toronto-1589911518181154530-small.png,https://img.shiftstats.com/dcd7c2ef-0bf7-4a7e-a22f-e1e1a76f936c/team-logo_url-79963-toronto-1589911518181154530-medium.png,https://img.shiftstats.com/dcd7c2ef-0bf7-4a7e-a22f-e1e1a76f936c/team-logo_url-79963-toronto-1589911518181154530-large.png,https://img.shiftstats.com/dcd7c2ef-0bf7-4a7e-a22f-e1e1a76f936c/team-logo_url-79963-toronto-1589911518181154530-50.png,https://img.shiftstats.com/dcd7c2ef-0bf7-4a7e-a22f-e1e1a76f936c/team-logo_url-79963-toronto-1589911518181154530-100.png,https://img.shiftstats.com/dcd7c2ef-0bf7-4a7e-a22f-e1e1a76f936c/team-logo_url-79963-toronto-1589911518181154530-200.png,124986,Connecticut Whale,CTW,https://img.shiftstats.com/dcd7c2ef-0bf7-4a7e-a22f-e1e1a76f936c/team-logo_url-61637-whale-1567196140816492837.svg,https://img.shiftstats.com/dcd7c2ef-0bf7-4a7e-a22f-e1e1a76f936c/team-logo_url-61637-whale-1567196140816492837-small.svg,https://img.shiftstats.com/dcd7c2ef-0bf7-4a7e-a22f-e1e1a76f936c/team-logo_url-61637-whale-1567196140816492837-medium.svg,https://img.shiftstats.com/dcd7c2ef-0bf7-4a7e-a22f-e1e1a76f936c/team-logo_url-61637-whale-1567196140816492837-large.svg,https://img.shiftstats.com/dcd7c2ef-0bf7-4a7e-a22f-e1e1a76f936c/team-logo_url-61637-whale-1567196140816492837-50.svg,https://img.shiftstats.com/dcd7c2ef-0bf7-4a7e-a22f-e1e1a76f936c/team-logo_url-61637-whale-1567196140816492837-100.svg,https://img.shiftstats.com/dcd7c2ef-0bf7-4a7e-a22f-e1e1a76f936c/team-logo_url-61637-whale-1567196140816492837-200.svg,13893,PHF,13893,PHF,3,2,4722,York Canlan Ice Arena,"",,,Regular Season,"",Final,FALSE,FALSE,TRUE,"",https://www.twitch.tv/thephf,,TRUE,,2021-11-21,Toronto Six,TRUE,TRUE,TRUE
game,g-420342,100,3372,,420342,,2021-11-21T14:00:00Z,2021-11-21T20:00:00Z,US/Central,CST,2021-11-30T13:36:41Z,2021-08-05T15:00:08Z,124987,Minnesota Whitecaps,MIN,https://img.shiftstats.com/dcd7c2ef-0bf7-4a7e-a22f-e1e1a76f936c/team-logo_url-61639-whitecaps-1566720935245349011.svg,https://img.shiftstats.com/dcd7c2ef-0bf7-4a7e-a22f-e1e1a76f936c/team-logo_url-61639-whitecaps-1566720935245349011-small.svg,https://img.shiftstats.com/dcd7c2ef-0bf7-4a7e-a22f-e1e1a76f936c/team-logo_url-61639-whitecaps-1566720935245349011-medium.svg,https://img.shiftstats.com/dcd7c2ef-0bf7-4a7e-a22f-e1e1a76f936c/team-logo_url-61639-whitecaps-1566720935245349011-large.svg,https://img.shiftstats.com/dcd7c2ef-0bf7-4a7e-a22f-e1e1a76f936c/team-logo_url-61639-whitecaps-1566720935245349011-50.svg,https://img.shiftstats.com/dcd7c2ef-0bf7-4a7e-a22f-e1e1a76f936c/team-logo_url-61639-whitecaps-1566720935245349011-100.svg,https://img.shiftstats.com/dcd7c2ef-0bf7-4a7e-a22f-e1e1a76f936c/team-logo_url-61639-whitecaps-1566720935245349011-200.svg,124983,Boston Pride,BOS,https://img.shiftstats.com/dcd7c2ef-0bf7-4a7e-a22f-e1e1a76f936c/team-logo_url-61638-pride-1566720849090260505.svg,https://img.shiftstats.com/dcd7c2ef-0bf7-4a7e-a22f-e1e1a76f936c/team-logo_url-61638-pride-1566720849090260505-small.svg,https://img.shiftstats.com/dcd7c2ef-0bf7-4a7e-a22f-e1e1a76f936c/team-logo_url-61638-pride-1566720849090260505-medium.svg,https://img.shiftstats.com/dcd7c2ef-0bf7-4a7e-a22f-e1e1a76f936c/team-logo_url-61638-pride-1566720849090260505-large.svg,https://img.shiftstats.com/dcd7c2ef-0bf7-4a7e-a22f-e1e1a76f936c/team-logo_url-61638-pride-1566720849090260505-50.svg,https://img.shiftstats.com/dcd7c2ef-0bf7-4a7e-a22f-e1e1a76f936c/team-logo_url-61638-pride-1566720849090260505-100.svg,https://img.shiftstats.com/dcd7c2ef-0bf7-4a7e-a22f-e1e1a76f936c/team-logo_url-61638-pride-1566720849090260505-200.svg,13893,PHF,13893,PHF,1,2,2948,Tria Rink,400%20Wabasha%20St%20N%2C%20St%20Paul%2C%20MN%2C%20US%2C%2055101,,,Regular Season,"",Final,TRUE,FALSE,TRUE,https://whitecaps.universitytickets.com/,https://www.twitch.tv/thephf,,TRUE,,2021-11-21,Boston Pride,TRUE,TRUE,TRUE
game,g-420336,100,3372,,420336,,2021-11-20T19:00:00Z,2021-11-21T01:00:00Z,US/Central,CST,2021-11-30T14:31:30Z,2021-08-05T15:00:04Z,124987,Minnesota Whitecaps,MIN,https://img.shiftstats.com/dcd7c2ef-0bf7-4a7e-a22f-e1e1a76f936c/team-logo_url-61639-whitecaps-1566720935245349011.svg,https://img.shiftstats.com/dcd7c2ef-0bf7-4a7e-a22f-e1e1a76f936c/team-logo_url-61639-whitecaps-1566720935245349011-small.svg,https://img.shiftstats.com/dcd7c2ef-0bf7-4a7e-a22f-e1e1a76f936c/team-logo_url-61639-whitecaps-1566720935245349011-medium.svg,https://img.shiftstats.com/dcd7c2ef-0bf7-4a7e-a22f-e1e1a76f936c/team-logo_url-61639-whitecaps-1566720935245349011-large.svg,https://img.shiftstats.com/dcd7c2ef-0bf7-4a7e-a22f-e1e1a76f936c/team-logo_url-61639-whitecaps-1566720935245349011-50.svg,https://img.shiftstats.com/dcd7c2ef-0bf7-4a7e-a22f-e1e1a76f936c/team-logo_url-61639-whitecaps-1566720935245349011-100.svg,https://img.shiftstats.com/dcd7c2ef-0bf7-4a7e-a22f-e1e1a76f936c/team-logo_url-61639-whitecaps-1566720935245349011-200.svg,124983,Boston Pride,BOS,https://img.shiftstats.com/dcd7c2ef-0bf7-4a7e-a22f-e1e1a76f936c/team-logo_url-61638-pride-1566720849090260505.svg,https://img.shiftstats.com/dcd7c2ef-0bf7-4a7e-a22f-e1e1a76f936c/team-logo_url-61638-pride-1566720849090260505-small.svg,https://img.shiftstats.com/dcd7c2ef-0bf7-4a7e-a22f-e1e1a76f936c/team-logo_url-61638-pride-1566720849090260505-medium.svg,https://img.shiftstats.com/dcd7c2ef-0bf7-4a7e-a22f-e1e1a76f936c/team-logo_url-61638-pride-1566720849090260505-large.svg,https://img.shiftstats.com/dcd7c2ef-0bf7-4a7e-a22f-e1e1a76f936c/team-logo_url-61638-pride-1566720849090260505-50.svg,https://img.shiftstats.com/dcd7c2ef-0bf7-4a7e-a22f-e1e1a76f936c/team-logo_url-61638-pride-1566720849090260505-100.svg,https://img.shiftstats.com/dcd7c2ef-0bf7-4a7e-a22f-e1e1a76f936c/team-logo_url-61638-pride-1566720849090260505-200.svg,13893,PHF,13893,PHF,2,0,2948,Tria Rink,400%20Wabasha%20St%20N%2C%20St%20Paul%2C%20MN%2C%20US%2C%2055101,,,Regular Season,"",Final,FALSE,FALSE,TRUE,https://whitecaps.universitytickets.com/,https://www.twitch.tv/thephf,,TRUE,,2021-11-20,Minnesota Whitecaps,TRUE,TRUE,TRUE
game,g-420337,100,3372,,420337,,2021-11-20T16:00:00Z,2021-11-20T21:00:00Z,US/Eastern,EST,2021-12-02T06:57:19Z,2021-08-05T15:00:04Z,124984,Metropolitan Riveters,MET,https://img.shiftstats.com/dcd7c2ef-0bf7-4a7e-a22f-e1e1a76f936c/team-logo_url-124984-riveters-1628050025904035438.png,https://img.shiftstats.com/dcd7c2ef-0bf7-4a7e-a22f-e1e1a76f936c/team-logo_url-124984-riveters-1628050025904035438-small.png,https://img.shiftstats.com/dcd7c2ef-0bf7-4a7e-a22f-e1e1a76f936c/team-logo_url-124984-riveters-1628050025904035438-medium.png,https://img.shiftstats.com/dcd7c2ef-0bf7-4a7e-a22f-e1e1a76f936c/team-logo_url-124984-riveters-1628050025904035438-large.png,https://img.shiftstats.com/dcd7c2ef-0bf7-4a7e-a22f-e1e1a76f936c/team-logo_url-124984-riveters-1628050025904035438-50.png,https://img.shiftstats.com/dcd7c2ef-0bf7-4a7e-a22f-e1e1a76f936c/team-logo_url-124984-riveters-1628050025904035438-100.png,https://img.shiftstats.com/dcd7c2ef-0bf7-4a7e-a22f-e1e1a76f936c/team-logo_url-124984-riveters-1628050025904035438-200.png,124982,Buffalo Beauts,BUF,https://img.shiftstats.com/dcd7c2ef-0bf7-4a7e-a22f-e1e1a76f936c/team-logo_url-61635-beauts-1567056106867131339.svg,https://img.shiftstats.com/dcd7c2ef-0bf7-4a7e-a22f-e1e1a76f936c/team-logo_url-61635-beauts-1567056106867131339-small.svg,https://img.shiftstats.com/dcd7c2ef-0bf7-4a7e-a22f-e1e1a76f936c/team-logo_url-61635-beauts-1567056106867131339-medium.svg,https://img.shiftstats.com/dcd7c2ef-0bf7-4a7e-a22f-e1e1a76f936c/team-logo_url-61635-beauts-1567056106867131339-large.svg,https://img.shiftstats.com/dcd7c2ef-0bf7-4a7e-a22f-e1e1a76f936c/team-logo_url-61635-beauts-1567056106867131339-50.svg,https://img.shiftstats.com/dcd7c2ef-0bf7-4a7e-a22f-e1e1a76f936c/team-logo_url-61635-beauts-1567056106867131339-100.svg,https://img.shiftstats.com/dcd7c2ef-0bf7-4a7e-a22f-e1e1a76f936c/team-logo_url-61635-beauts-1567056106867131339-200.svg,13893,PHF,13893,PHF,3,4,469,Prudential Center Practice Facility,Newark%2C%20NJ,,,Regular Season,"",Final,TRUE,FALSE,TRUE,https://riveters.universitytickets.com/,https://www.twitch.tv/thephf,,TRUE,,2021-11-20,Buffalo Beauts,TRUE,TRUE,TRUE
game,g-420340,100,3372,,420340,,2021-11-20T14:00:00Z,2021-11-20T19:00:00Z,US/Eastern,EST,2021-11-22T16:42:42Z,2021-08-05T15:00:04Z,124985,Toronto Six,TOR,https://img.shiftstats.com/dcd7c2ef-0bf7-4a7e-a22f-e1e1a76f936c/team-logo_url-79963-toronto-1589911518181154530.png,https://img.shiftstats.com/dcd7c2ef-0bf7-4a7e-a22f-e1e1a76f936c/team-logo_url-79963-toronto-1589911518181154530-small.png,https://img.shiftstats.com/dcd7c2ef-0bf7-4a7e-a22f-e1e1a76f936c/team-logo_url-79963-toronto-1589911518181154530-medium.png,https://img.shiftstats.com/dcd7c2ef-0bf7-4a7e-a22f-e1e1a76f936c/team-logo_url-79963-toronto-1589911518181154530-large.png,https://img.shiftstats.com/dcd7c2ef-0bf7-4a7e-a22f-e1e1a76f936c/team-logo_url-79963-toronto-1589911518181154530-50.png,https://img.shiftstats.com/dcd7c2ef-0bf7-4a7e-a22f-e1e1a76f936c/team-logo_url-79963-toronto-1589911518181154530-100.png,https://img.shiftstats.com/dcd7c2ef-0bf7-4a7e-a22f-e1e1a76f936c/team-logo_url-79963-toronto-1589911518181154530-200.png,124986,Connecticut Whale,CTW,https://img.shiftstats.com/dcd7c2ef-0bf7-4a7e-a22f-e1e1a76f936c/team-logo_url-61637-whale-1567196140816492837.svg,https://img.shiftstats.com/dcd7c2ef-0bf7-4a7e-a22f-e1e1a76f936c/team-logo_url-61637-whale-1567196140816492837-small.svg,https://img.shiftstats.com/dcd7c2ef-0bf7-4a7e-a22f-e1e1a76f936c/team-logo_url-61637-whale-1567196140816492837-medium.svg,https://img.shiftstats.com/dcd7c2ef-0bf7-4a7e-a22f-e1e1a76f936c/team-logo_url-61637-whale-1567196140816492837-large.svg,https://img.shiftstats.com/dcd7c2ef-0bf7-4a7e-a22f-e1e1a76f936c/team-logo_url-61637-whale-1567196140816492837-50.svg,https://img.shiftstats.com/dcd7c2ef-0bf7-4a7e-a22f-e1e1a76f936c/team-logo_url-61637-whale-1567196140816492837-100.svg,https://img.shiftstats.com/dcd7c2ef-0bf7-4a7e-a22f-e1e1a76f936c/team-logo_url-61637-whale-1567196140816492837-200.svg,13893,PHF,13893,PHF,5,1,4722,York Canlan Ice Arena,"",,,Regular Season,"",Final,FALSE,FALSE,TRUE,"",https://www.twitch.tv/thephf,,TRUE,,2021-11-20,Toronto Six,TRUE,TRUE,TRUE
game,g-420338,100,3372,,420338,,2021-11-14T15:00:00Z,2021-11-14T20:00:00Z,US/Eastern,EST,2021-12-21T22:18:14Z,2021-08-05T15:00:04Z,124986,Connecticut Whale,CTW,https://img.shiftstats.com/dcd7c2ef-0bf7-4a7e-a22f-e1e1a76f936c/team-logo_url-61637-whale-1567196140816492837.svg,https://img.shiftstats.com/dcd7c2ef-0bf7-4a7e-a22f-e1e1a76f936c/team-logo_url-61637-whale-1567196140816492837-small.svg,https://img.shiftstats.com/dcd7c2ef-0bf7-4a7e-a22f-e1e1a76f936c/team-logo_url-61637-whale-1567196140816492837-medium.svg,https://img.shiftstats.com/dcd7c2ef-0bf7-4a7e-a22f-e1e1a76f936c/team-logo_url-61637-whale-1567196140816492837-large.svg,https://img.shiftstats.com/dcd7c2ef-0bf7-4a7e-a22f-e1e1a76f936c/team-logo_url-61637-whale-1567196140816492837-50.svg,https://img.shiftstats.com/dcd7c2ef-0bf7-4a7e-a22f-e1e1a76f936c/team-logo_url-61637-whale-1567196140816492837-100.svg,https://img.shiftstats.com/dcd7c2ef-0bf7-4a7e-a22f-e1e1a76f936c/team-logo_url-61637-whale-1567196140816492837-200.svg,124983,Boston Pride,BOS,https://img.shiftstats.com/dcd7c2ef-0bf7-4a7e-a22f-e1e1a76f936c/team-logo_url-61638-pride-1566720849090260505.svg,https://img.shiftstats.com/dcd7c2ef-0bf7-4a7e-a22f-e1e1a76f936c/team-logo_url-61638-pride-1566720849090260505-small.svg,https://img.shiftstats.com/dcd7c2ef-0bf7-4a7e-a22f-e1e1a76f936c/team-logo_url-61638-pride-1566720849090260505-medium.svg,https://img.shiftstats.com/dcd7c2ef-0bf7-4a7e-a22f-e1e1a76f936c/team-logo_url-61638-pride-1566720849090260505-large.svg,https://img.shiftstats.com/dcd7c2ef-0bf7-4a7e-a22f-e1e1a76f936c/team-logo_url-61638-pride-1566720849090260505-50.svg,https://img.shiftstats.com/dcd7c2ef-0bf7-4a7e-a22f-e1e1a76f936c/team-logo_url-61638-pride-1566720849090260505-100.svg,https://img.shiftstats.com/dcd7c2ef-0bf7-4a7e-a22f-e1e1a76f936c/team-logo_url-61638-pride-1566720849090260505-200.svg,13893,PHF,13893,PHF,3,1,2944,Danbury Ice Arena,1%20Independence%20Way%2C%20Danbury%2C%20CT%2C%20US%2C%2006810,,,Regular Season,"",Final,FALSE,FALSE,TRUE,https://whale.universitytickets.com/,https://www.twitch.tv/thephf,,TRUE,,2021-11-14,Connecticut Whale,TRUE,TRUE,TRUE
game,g-420339,100,3372,,420339,,2021-11-13T14:00:00Z,2021-11-13T19:00:00Z,US/Eastern,EST,2021-11-24T23:08:32Z,2021-08-05T15:00:04Z,124986,Connecticut Whale,CTW,https://img.shiftstats.com/dcd7c2ef-0bf7-4a7e-a22f-e1e1a76f936c/team-logo_url-61637-whale-1567196140816492837.svg,https://img.shiftstats.com/dcd7c2ef-0bf7-4a7e-a22f-e1e1a76f936c/team-logo_url-61637-whale-1567196140816492837-small.svg,https://img.shiftstats.com/dcd7c2ef-0bf7-4a7e-a22f-e1e1a76f936c/team-logo_url-61637-whale-1567196140816492837-medium.svg,https://img.shiftstats.com/dcd7c2ef-0bf7-4a7e-a22f-e1e1a76f936c/team-logo_url-61637-whale-1567196140816492837-large.svg,https://img.shiftstats.com/dcd7c2ef-0bf7-4a7e-a22f-e1e1a76f936c/team-logo_url-61637-whale-1567196140816492837-50.svg,https://img.shiftstats.com/dcd7c2ef-0bf7-4a7e-a22f-e1e1a76f936c/team-logo_url-61637-whale-1567196140816492837-100.svg,https://img.shiftstats.com/dcd7c2ef-0bf7-4a7e-a22f-e1e1a76f936c/team-logo_url-61637-whale-1567196140816492837-200.svg,124983,Boston Pride,BOS,https://img.shiftstats.com/dcd7c2ef-0bf7-4a7e-a22f-e1e1a76f936c/team-logo_url-61638-pride-1566720849090260505.svg,https://img.shiftstats.com/dcd7c2ef-0bf7-4a7e-a22f-e1e1a76f936c/team-logo_url-61638-pride-1566720849090260505-small.svg,https://img.shiftstats.com/dcd7c2ef-0bf7-4a7e-a22f-e1e1a76f936c/team-logo_url-61638-pride-1566720849090260505-medium.svg,https://img.shiftstats.com/dcd7c2ef-0bf7-4a7e-a22f-e1e1a76f936c/team-logo_url-61638-pride-1566720849090260505-large.svg,https://img.shiftstats.com/dcd7c2ef-0bf7-4a7e-a22f-e1e1a76f936c/team-logo_url-61638-pride-1566720849090260505-50.svg,https://img.shiftstats.com/dcd7c2ef-0bf7-4a7e-a22f-e1e1a76f936c/team-logo_url-61638-pride-1566720849090260505-100.svg,https://img.shiftstats.com/dcd7c2ef-0bf7-4a7e-a22f-e1e1a76f936c/team-logo_url-61638-pride-1566720849090260505-200.svg,13893,PHF,13893,PHF,3,4,2944,Danbury Ice Arena,1%20Independence%20Way%2C%20Danbury%2C%20CT%2C%20US%2C%2006810,,,Regular Season,"",Final,TRUE,FALSE,TRUE,https://whale.universitytickets.com/,https://www.twitch.tv/thephf,,TRUE,,2021-11-13,Boston Pride,TRUE,TRUE,TRUE
game,g-419904,100,3372,,419904,,2021-11-07T14:00:00Z,2021-11-07T19:00:00Z,US/Eastern,EST,2021-12-08T03:33:22Z,2021-08-04T03:28:08Z,124984,Metropolitan Riveters,MET,https://img.shiftstats.com/dcd7c2ef-0bf7-4a7e-a22f-e1e1a76f936c/team-logo_url-124984-riveters-1628050025904035438.png,https://img.shiftstats.com/dcd7c2ef-0bf7-4a7e-a22f-e1e1a76f936c/team-logo_url-124984-riveters-1628050025904035438-small.png,https://img.shiftstats.com/dcd7c2ef-0bf7-4a7e-a22f-e1e1a76f936c/team-logo_url-124984-riveters-1628050025904035438-medium.png,https://img.shiftstats.com/dcd7c2ef-0bf7-4a7e-a22f-e1e1a76f936c/team-logo_url-124984-riveters-1628050025904035438-large.png,https://img.shiftstats.com/dcd7c2ef-0bf7-4a7e-a22f-e1e1a76f936c/team-logo_url-124984-riveters-1628050025904035438-50.png,https://img.shiftstats.com/dcd7c2ef-0bf7-4a7e-a22f-e1e1a76f936c/team-logo_url-124984-riveters-1628050025904035438-100.png,https://img.shiftstats.com/dcd7c2ef-0bf7-4a7e-a22f-e1e1a76f936c/team-logo_url-124984-riveters-1628050025904035438-200.png,124986,Connecticut Whale,CTW,https://img.shiftstats.com/dcd7c2ef-0bf7-4a7e-a22f-e1e1a76f936c/team-logo_url-61637-whale-1567196140816492837.svg,https://img.shiftstats.com/dcd7c2ef-0bf7-4a7e-a22f-e1e1a76f936c/team-logo_url-61637-whale-1567196140816492837-small.svg,https://img.shiftstats.com/dcd7c2ef-0bf7-4a7e-a22f-e1e1a76f936c/team-logo_url-61637-whale-1567196140816492837-medium.svg,https://img.shiftstats.com/dcd7c2ef-0bf7-4a7e-a22f-e1e1a76f936c/team-logo_url-61637-whale-1567196140816492837-large.svg,https://img.shiftstats.com/dcd7c2ef-0bf7-4a7e-a22f-e1e1a76f936c/team-logo_url-61637-whale-1567196140816492837-50.svg,https://img.shiftstats.com/dcd7c2ef-0bf7-4a7e-a22f-e1e1a76f936c/team-logo_url-61637-whale-1567196140816492837-100.svg,https://img.shiftstats.com/dcd7c2ef-0bf7-4a7e-a22f-e1e1a76f936c/team-logo_url-61637-whale-1567196140816492837-200.svg,13893,PHF,13893,PHF,5,6,4723,Mennen Ice Arena,"",,,Regular Season,"Last updated 7 Dec 2021.
Referees: Laura White and Sarah Buckner. Linespersons: Erika Greenen and Krysta Ansell.",Final,FALSE,FALSE,TRUE,https://riveters.universitytickets.com/,https://www.twitch.tv/thephf,,TRUE,,2021-11-07,Connecticut Whale,TRUE,TRUE,TRUE
game,g-419905,100,3372,,419905,,2021-11-07T13:00:00Z,2021-11-07T18:00:00Z,US/Eastern,EST,2021-11-19T17:40:30Z,2021-08-04T03:28:08Z,124983,Boston Pride,BOS,https://img.shiftstats.com/dcd7c2ef-0bf7-4a7e-a22f-e1e1a76f936c/team-logo_url-61638-pride-1566720849090260505.svg,https://img.shiftstats.com/dcd7c2ef-0bf7-4a7e-a22f-e1e1a76f936c/team-logo_url-61638-pride-1566720849090260505-small.svg,https://img.shiftstats.com/dcd7c2ef-0bf7-4a7e-a22f-e1e1a76f936c/team-logo_url-61638-pride-1566720849090260505-medium.svg,https://img.shiftstats.com/dcd7c2ef-0bf7-4a7e-a22f-e1e1a76f936c/team-logo_url-61638-pride-1566720849090260505-large.svg,https://img.shiftstats.com/dcd7c2ef-0bf7-4a7e-a22f-e1e1a76f936c/team-logo_url-61638-pride-1566720849090260505-50.svg,https://img.shiftstats.com/dcd7c2ef-0bf7-4a7e-a22f-e1e1a76f936c/team-logo_url-61638-pride-1566720849090260505-100.svg,https://img.shiftstats.com/dcd7c2ef-0bf7-4a7e-a22f-e1e1a76f936c/team-logo_url-61638-pride-1566720849090260505-200.svg,124987,Minnesota Whitecaps,MIN,https://img.shiftstats.com/dcd7c2ef-0bf7-4a7e-a22f-e1e1a76f936c/team-logo_url-61639-whitecaps-1566720935245349011.svg,https://img.shiftstats.com/dcd7c2ef-0bf7-4a7e-a22f-e1e1a76f936c/team-logo_url-61639-whitecaps-1566720935245349011-small.svg,https://img.shiftstats.com/dcd7c2ef-0bf7-4a7e-a22f-e1e1a76f936c/team-logo_url-61639-whitecaps-1566720935245349011-medium.svg,https://img.shiftstats.com/dcd7c2ef-0bf7-4a7e-a22f-e1e1a76f936c/team-logo_url-61639-whitecaps-1566720935245349011-large.svg,https://img.shiftstats.com/dcd7c2ef-0bf7-4a7e-a22f-e1e1a76f936c/team-logo_url-61639-whitecaps-1566720935245349011-50.svg,https://img.shiftstats.com/dcd7c2ef-0bf7-4a7e-a22f-e1e1a76f936c/team-logo_url-61639-whitecaps-1566720935245349011-100.svg,https://img.shiftstats.com/dcd7c2ef-0bf7-4a7e-a22f-e1e1a76f936c/team-logo_url-61639-whitecaps-1566720935245349011-200.svg,13893,PHF,13893,PHF,1,0,2949,Warrior Ice Arena,90%20Guest%20St%2C%20Boston%2C%20MA%2C%20US%2C%2002135,,,Regular Season,"",Final,FALSE,FALSE,TRUE,http://pride.universitytickets.com/,https://www.twitch.tv/thephf,,TRUE,,2021-11-07,Boston Pride,TRUE,TRUE,TRUE
game,g-419902,100,3372,,419902,,2021-11-06T19:00:00Z,2021-11-06T23:00:00Z,US/Eastern,EDT,2021-11-25T04:47:04Z,2021-08-04T03:28:08Z,124983,Boston Pride,BOS,https://img.shiftstats.com/dcd7c2ef-0bf7-4a7e-a22f-e1e1a76f936c/team-logo_url-61638-pride-1566720849090260505.svg,https://img.shiftstats.com/dcd7c2ef-0bf7-4a7e-a22f-e1e1a76f936c/team-logo_url-61638-pride-1566720849090260505-small.svg,https://img.shiftstats.com/dcd7c2ef-0bf7-4a7e-a22f-e1e1a76f936c/team-logo_url-61638-pride-1566720849090260505-medium.svg,https://img.shiftstats.com/dcd7c2ef-0bf7-4a7e-a22f-e1e1a76f936c/team-logo_url-61638-pride-1566720849090260505-large.svg,https://img.shiftstats.com/dcd7c2ef-0bf7-4a7e-a22f-e1e1a76f936c/team-logo_url-61638-pride-1566720849090260505-50.svg,https://img.shiftstats.com/dcd7c2ef-0bf7-4a7e-a22f-e1e1a76f936c/team-logo_url-61638-pride-1566720849090260505-100.svg,https://img.shiftstats.com/dcd7c2ef-0bf7-4a7e-a22f-e1e1a76f936c/team-logo_url-61638-pride-1566720849090260505-200.svg,124987,Minnesota Whitecaps,MIN,https://img.shiftstats.com/dcd7c2ef-0bf7-4a7e-a22f-e1e1a76f936c/team-logo_url-61639-whitecaps-1566720935245349011.svg,https://img.shiftstats.com/dcd7c2ef-0bf7-4a7e-a22f-e1e1a76f936c/team-logo_url-61639-whitecaps-1566720935245349011-small.svg,https://img.shiftstats.com/dcd7c2ef-0bf7-4a7e-a22f-e1e1a76f936c/team-logo_url-61639-whitecaps-1566720935245349011-medium.svg,https://img.shiftstats.com/dcd7c2ef-0bf7-4a7e-a22f-e1e1a76f936c/team-logo_url-61639-whitecaps-1566720935245349011-large.svg,https://img.shiftstats.com/dcd7c2ef-0bf7-4a7e-a22f-e1e1a76f936c/team-logo_url-61639-whitecaps-1566720935245349011-50.svg,https://img.shiftstats.com/dcd7c2ef-0bf7-4a7e-a22f-e1e1a76f936c/team-logo_url-61639-whitecaps-1566720935245349011-100.svg,https://img.shiftstats.com/dcd7c2ef-0bf7-4a7e-a22f-e1e1a76f936c/team-logo_url-61639-whitecaps-1566720935245349011-200.svg,13893,PHF,13893,PHF,6,4,2949,Warrior Ice Arena,90%20Guest%20St%2C%20Boston%2C%20MA%2C%20US%2C%2002135,,,Regular Season,"",Final,FALSE,FALSE,TRUE,http://pride.universitytickets.com/,https://www.twitch.tv/thephf,,TRUE,,2021-11-06,Boston Pride,TRUE,TRUE,TRUE
game,g-419903,100,3372,,419903,,2021-11-06T19:00:00Z,2021-11-06T23:00:00Z,US/Eastern,EDT,2022-01-09T22:11:33Z,2021-08-04T03:28:08Z,124982,Buffalo Beauts,BUF,https://img.shiftstats.com/dcd7c2ef-0bf7-4a7e-a22f-e1e1a76f936c/team-logo_url-61635-beauts-1567056106867131339.svg,https://img.shiftstats.com/dcd7c2ef-0bf7-4a7e-a22f-e1e1a76f936c/team-logo_url-61635-beauts-1567056106867131339-small.svg,https://img.shiftstats.com/dcd7c2ef-0bf7-4a7e-a22f-e1e1a76f936c/team-logo_url-61635-beauts-1567056106867131339-medium.svg,https://img.shiftstats.com/dcd7c2ef-0bf7-4a7e-a22f-e1e1a76f936c/team-logo_url-61635-beauts-1567056106867131339-large.svg,https://img.shiftstats.com/dcd7c2ef-0bf7-4a7e-a22f-e1e1a76f936c/team-logo_url-61635-beauts-1567056106867131339-50.svg,https://img.shiftstats.com/dcd7c2ef-0bf7-4a7e-a22f-e1e1a76f936c/team-logo_url-61635-beauts-1567056106867131339-100.svg,https://img.shiftstats.com/dcd7c2ef-0bf7-4a7e-a22f-e1e1a76f936c/team-logo_url-61635-beauts-1567056106867131339-200.svg,124985,Toronto Six,TOR,https://img.shiftstats.com/dcd7c2ef-0bf7-4a7e-a22f-e1e1a76f936c/team-logo_url-79963-toronto-1589911518181154530.png,https://img.shiftstats.com/dcd7c2ef-0bf7-4a7e-a22f-e1e1a76f936c/team-logo_url-79963-toronto-1589911518181154530-small.png,https://img.shiftstats.com/dcd7c2ef-0bf7-4a7e-a22f-e1e1a76f936c/team-logo_url-79963-toronto-1589911518181154530-medium.png,https://img.shiftstats.com/dcd7c2ef-0bf7-4a7e-a22f-e1e1a76f936c/team-logo_url-79963-toronto-1589911518181154530-large.png,https://img.shiftstats.com/dcd7c2ef-0bf7-4a7e-a22f-e1e1a76f936c/team-logo_url-79963-toronto-1589911518181154530-50.png,https://img.shiftstats.com/dcd7c2ef-0bf7-4a7e-a22f-e1e1a76f936c/team-logo_url-79963-toronto-1589911518181154530-100.png,https://img.shiftstats.com/dcd7c2ef-0bf7-4a7e-a22f-e1e1a76f936c/team-logo_url-79963-toronto-1589911518181154530-200.png,13893,PHF,13893,PHF,3,4,2945,Northtown Center,1615%20Amherst%20Manor%20Dr%2C%20Williamsville%2C%20NY%2C%20US%2C%2014221,,,Regular Season,"",Final,FALSE,FALSE,TRUE,https://beauts.universitytickets.com/,https://www.twitch.tv/thephf,,TRUE,,2021-11-06,Toronto Six,TRUE,TRUE,TRUE
game,g-419901,100,3372,,419901,,2021-11-06T14:00:00Z,2021-11-06T18:00:00Z,US/Eastern,EDT,2021-11-25T04:45:51Z,2021-08-04T03:28:08Z,124984,Metropolitan Riveters,MET,https://img.shiftstats.com/dcd7c2ef-0bf7-4a7e-a22f-e1e1a76f936c/team-logo_url-124984-riveters-1628050025904035438.png,https://img.shiftstats.com/dcd7c2ef-0bf7-4a7e-a22f-e1e1a76f936c/team-logo_url-124984-riveters-1628050025904035438-small.png,https://img.shiftstats.com/dcd7c2ef-0bf7-4a7e-a22f-e1e1a76f936c/team-logo_url-124984-riveters-1628050025904035438-medium.png,https://img.shiftstats.com/dcd7c2ef-0bf7-4a7e-a22f-e1e1a76f936c/team-logo_url-124984-riveters-1628050025904035438-large.png,https://img.shiftstats.com/dcd7c2ef-0bf7-4a7e-a22f-e1e1a76f936c/team-logo_url-124984-riveters-1628050025904035438-50.png,https://img.shiftstats.com/dcd7c2ef-0bf7-4a7e-a22f-e1e1a76f936c/team-logo_url-124984-riveters-1628050025904035438-100.png,https://img.shiftstats.com/dcd7c2ef-0bf7-4a7e-a22f-e1e1a76f936c/team-logo_url-124984-riveters-1628050025904035438-200.png,124986,Connecticut Whale,CTW,https://img.shiftstats.com/dcd7c2ef-0bf7-4a7e-a22f-e1e1a76f936c/team-logo_url-61637-whale-1567196140816492837.svg,https://img.shiftstats.com/dcd7c2ef-0bf7-4a7e-a22f-e1e1a76f936c/team-logo_url-61637-whale-1567196140816492837-small.svg,https://img.shiftstats.com/dcd7c2ef-0bf7-4a7e-a22f-e1e1a76f936c/team-logo_url-61637-whale-1567196140816492837-medium.svg,https://img.shiftstats.com/dcd7c2ef-0bf7-4a7e-a22f-e1e1a76f936c/team-logo_url-61637-whale-1567196140816492837-large.svg,https://img.shiftstats.com/dcd7c2ef-0bf7-4a7e-a22f-e1e1a76f936c/team-logo_url-61637-whale-1567196140816492837-50.svg,https://img.shiftstats.com/dcd7c2ef-0bf7-4a7e-a22f-e1e1a76f936c/team-logo_url-61637-whale-1567196140816492837-100.svg,https://img.shiftstats.com/dcd7c2ef-0bf7-4a7e-a22f-e1e1a76f936c/team-logo_url-61637-whale-1567196140816492837-200.svg,13893,PHF,13893,PHF,4,1,4723,Mennen Ice Arena,"",,,Regular Season,"",Final,FALSE,FALSE,TRUE,https://riveters.universitytickets.com/,https://www.twitch.tv/thephf,,TRUE,,2021-11-06,Metropolitan Riveters,TRUE,TRUE,TRUE
